train_accuracy,test_accuracy,Precision_class1,Precision_class2,Recall_class1,Recall_class2,F1_class1,F1_class2,Precision_class1_train,Precision_class2_train,Recall_class1_train,Recall_class2_train,F1_class1_train,F1_class2_train
0.733333333333333,0.6,0.454545454545455,0.777777777777778,0.714285714285714,0.538461538461538,0.555555555555556,0.636363636363636,0.736842105263158,0.729411764705882,0.752688172043011,0.71264367816092,0.74468085106383,0.720930232558139
0.75,0.65,0.5,0.6875,0.285714285714286,0.846153846153846,0.363636363636364,0.758620689655172,0.779069767441861,0.723404255319149,0.720430107526882,0.781609195402299,0.748603351955307,0.751381215469613
0.672222222222222,0.5,0.416666666666667,0.625,0.625,0.416666666666667,0.5,0.5,0.67741935483871,0.666666666666667,0.684782608695652,0.659090909090909,0.681081081081081,0.662857142857143
0.755555555555556,0.75,0.9,0.6,0.692307692307692,0.857142857142857,0.782608695652174,0.705882352941176,0.779220779220779,0.737864077669903,0.689655172413793,0.817204301075269,0.731707317073171,0.775510204081633
0.777777777777778,0.25,0.2,0.266666666666667,0.0833333333333333,0.5,0.117647058823529,0.347826086956522,0.792682926829268,0.76530612244898,0.738636363636364,0.815217391304348,0.764705882352941,0.789473684210526
0.711111111111111,0.5,0.5,0.5,0.6,0.4,0.545454545454545,0.444444444444444,0.720930232558139,0.702127659574468,0.688888888888889,0.733333333333333,0.704545454545454,0.717391304347826
0.733333333333333,0.55,0.625,0.5,0.454545454545455,0.666666666666667,0.526315789473684,0.571428571428572,0.759493670886076,0.712871287128713,0.674157303370786,0.791208791208791,0.714285714285714,0.75
0.755555555555556,0.45,0.428571428571429,0.461538461538462,0.3,0.6,0.352941176470588,0.521739130434783,0.75,0.761363636363636,0.766666666666667,0.744444444444444,0.758241758241758,0.752808988764045
0.777777777777778,0.35,0.5,0.25,0.307692307692308,0.428571428571429,0.380952380952381,0.315789473684211,0.770114942528736,0.78494623655914,0.770114942528736,0.78494623655914,0.770114942528736,0.78494623655914
0.705555555555556,0.6,0.545454545454545,0.666666666666667,0.666666666666667,0.545454545454545,0.6,0.6,0.720930232558139,0.691489361702128,0.681318681318681,0.730337078651685,0.700564971751412,0.710382513661202
