train_accuracy,test_accuracy,Precision_class1,Precision_class2,Recall_class1,Recall_class2,F1_class1,F1_class2,Precision_class1_train,Precision_class2_train,Recall_class1_train,Recall_class2_train,F1_class1_train,F1_class2_train
0.833333333333333,0.35,0.333333333333333,0.363636363636364,0.3,0.4,0.315789473684211,0.380952380952381,0.833333333333333,0.833333333333333,0.833333333333333,0.833333333333333,0.833333333333333,0.833333333333333
0.816666666666667,0.3,0.25,0.375,0.375,0.25,0.3,0.3,0.831460674157303,0.802197802197802,0.804347826086957,0.829545454545455,0.81767955801105,0.815642458100559
0.816666666666667,0.45,0.625,0.333333333333333,0.384615384615385,0.571428571428571,0.476190476190476,0.421052631578947,0.793478260869565,0.840909090909091,0.839080459770115,0.795698924731183,0.815642458100559,0.81767955801105
0.827777777777778,0.25,0.166666666666667,0.375,0.285714285714286,0.230769230769231,0.210526315789474,0.285714285714286,0.803921568627451,0.858974358974359,0.881720430107527,0.770114942528736,0.841025641025641,0.812121212121212
0.811111111111111,0.55,0.454545454545455,0.666666666666667,0.625,0.5,0.526315789473684,0.571428571428572,0.795918367346939,0.829268292682927,0.847826086956522,0.772727272727273,0.821052631578947,0.8
0.833333333333333,0.55,0.777777777777778,0.363636363636364,0.5,0.666666666666667,0.608695652173913,0.470588235294118,0.811111111111111,0.855555555555556,0.848837209302326,0.819148936170213,0.829545454545454,0.83695652173913
0.822222222222222,0.25,0.307692307692308,0.142857142857143,0.4,0.1,0.347826086956522,0.117647058823529,0.822222222222222,0.822222222222222,0.822222222222222,0.822222222222222,0.822222222222222,0.822222222222222
0.844444444444444,0.35,0.388888888888889,0,0.777777777777778,0,0.518518518518518,0,0.811881188118812,0.886075949367089,0.901098901098901,0.786516853932584,0.854166666666667,0.833333333333333
0.827777777777778,0.55,0.555555555555556,0.545454545454545,0.5,0.6,0.526315789473684,0.571428571428571,0.810526315789474,0.847058823529412,0.855555555555556,0.8,0.832432432432432,0.822857142857143
0.822222222222222,0.2,0.142857142857143,0.230769230769231,0.0909090909090909,0.333333333333333,0.111111111111111,0.272727272727273,0.820224719101124,0.824175824175824,0.820224719101124,0.824175824175824,0.820224719101124,0.824175824175824
