train_accuracy,test_accuracy,Precision_class1,Precision_class2,Recall_class1,Recall_class2,F1_class1,F1_class2,Precision_class1_train,Precision_class2_train,Recall_class1_train,Recall_class2_train,F1_class1_train,F1_class2_train
0.822222222222222,0.4,0.666666666666667,0.285714285714286,0.285714285714286,0.666666666666667,0.4,0.4,0.829268292682927,0.816326530612245,0.790697674418605,0.851063829787234,0.80952380952381,0.833333333333333
0.8,0.3,0.25,0.333333333333333,0.2,0.4,0.222222222222222,0.363636363636364,0.813953488372093,0.787234042553192,0.777777777777778,0.822222222222222,0.795454545454546,0.804347826086957
0.811111111111111,0.55,0.466666666666667,0.8,0.875,0.333333333333333,0.608695652173913,0.470588235294118,0.808510638297872,0.813953488372093,0.826086956521739,0.795454545454545,0.817204301075269,0.804597701149425
0.827777777777778,0.55,1,0.4,0.357142857142857,1,0.526315789473684,0.571428571428572,0.816091954022989,0.838709677419355,0.825581395348837,0.829787234042553,0.820809248554913,0.834224598930481
0.811111111111111,0.5,0.444444444444444,0.545454545454545,0.444444444444444,0.545454545454545,0.444444444444444,0.545454545454545,0.820224719101124,0.802197802197802,0.802197802197802,0.820224719101124,0.811111111111111,0.811111111111111
0.8,0.45,0.428571428571429,0.461538461538462,0.3,0.6,0.352941176470588,0.521739130434783,0.793478260869565,0.806818181818182,0.811111111111111,0.788888888888889,0.802197802197802,0.797752808988764
0.833333333333333,0.4,0.416666666666667,0.375,0.5,0.3,0.454545454545455,0.333333333333333,0.833333333333333,0.833333333333333,0.833333333333333,0.833333333333333,0.833333333333333,0.833333333333333
0.805555555555556,0.35,0.272727272727273,0.444444444444444,0.375,0.333333333333333,0.315789473684211,0.380952380952381,0.813186813186813,0.797752808988764,0.804347826086957,0.806818181818182,0.808743169398907,0.80225988700565
0.838888888888889,0.45,0.333333333333333,0.545454545454545,0.375,0.5,0.352941176470588,0.521739130434783,0.862068965517241,0.817204301075269,0.815217391304348,0.863636363636364,0.837988826815642,0.839779005524862
0.844444444444444,0.35,0.333333333333333,0.375,0.444444444444444,0.272727272727273,0.380952380952381,0.315789473684211,0.862068965517241,0.827956989247312,0.824175824175824,0.865168539325843,0.842696629213483,0.846153846153846
