train_accuracy,test_accuracy,Precision_class1,Precision_class2,Recall_class1,Recall_class2,F1_class1,F1_class2,Precision_class1_train,Precision_class2_train,Recall_class1_train,Recall_class2_train,F1_class1_train,F1_class2_train
0.95,0.9,0.714285714285714,1,1,0.866666666666667,0.833333333333333,0.928571428571429,0.93,0.975,0.978947368421053,0.917647058823529,0.953846153846154,0.945454545454545
0.972222222222222,0.9,0.923076923076923,0.857142857142857,0.923076923076923,0.857142857142857,0.923076923076923,0.857142857142857,0.976744186046512,0.968085106382979,0.96551724137931,0.978494623655914,0.971098265895954,0.973262032085562
0.961111111111111,0.85,0.818181818181818,0.888888888888889,0.9,0.8,0.857142857142857,0.842105263157895,0.966292134831461,0.956043956043956,0.955555555555556,0.966666666666667,0.960893854748603,0.961325966850829
0.966666666666667,0.75,0.769230769230769,0.714285714285714,0.833333333333333,0.625,0.8,0.666666666666667,0.955555555555556,0.977777777777778,0.977272727272727,0.956521739130435,0.966292134831461,0.967032967032967
0.983333333333333,0.75,0.777777777777778,0.727272727272727,0.7,0.8,0.736842105263158,0.761904761904762,0.978021978021978,0.98876404494382,0.988888888888889,0.977777777777778,0.983425414364641,0.983240223463687
0.938888888888889,0.85,0.888888888888889,0.818181818181818,0.8,0.9,0.842105263157895,0.857142857142857,0.943820224719101,0.934065934065934,0.933333333333333,0.944444444444444,0.93854748603352,0.939226519337017
0.961111111111111,0.95,1,0.9,0.909090909090909,1,0.952380952380952,0.947368421052632,0.955555555555556,0.966666666666667,0.966292134831461,0.956043956043956,0.960893854748603,0.961325966850829
0.966666666666667,0.75,0.818181818181818,0.666666666666667,0.75,0.75,0.782608695652174,0.705882352941177,0.976744186046512,0.957446808510638,0.954545454545455,0.978260869565217,0.96551724137931,0.967741935483871
0.977777777777778,0.7,0.444444444444444,0.909090909090909,0.8,0.666666666666667,0.571428571428571,0.769230769230769,0.969072164948454,0.987951807228916,0.989473684210526,0.964705882352941,0.979166666666667,0.976190476190476
0.95,0.75,0.818181818181818,0.666666666666667,0.75,0.75,0.782608695652174,0.705882352941177,0.954022988505747,0.946236559139785,0.943181818181818,0.956521739130435,0.948571428571429,0.951351351351351
