train_accuracy,test_accuracy,Precision_class1,Precision_class2,Recall_class1,Recall_class2,F1_class1,F1_class2,Precision_class1_train,Precision_class2_train,Recall_class1_train,Recall_class2_train,F1_class1_train,F1_class2_train
0.794444444444444,0.35,0.285714285714286,0.384615384615385,0.2,0.5,0.235294117647059,0.434782608695652,0.797752808988764,0.791208791208791,0.788888888888889,0.8,0.793296089385475,0.795580110497237
0.827777777777778,0.35,0.2,0.5,0.285714285714286,0.384615384615385,0.235294117647059,0.434782608695652,0.822916666666667,0.833333333333333,0.849462365591398,0.804597701149425,0.835978835978836,0.818713450292398
0.816666666666667,0.75,0.769230769230769,0.714285714285714,0.833333333333333,0.625,0.8,0.666666666666667,0.816091954022989,0.817204301075269,0.806818181818182,0.826086956521739,0.811428571428571,0.821621621621622
0.861111111111111,0.4,0.333333333333333,0.5,0.5,0.333333333333333,0.4,0.4,0.860215053763441,0.862068965517241,0.869565217391304,0.852272727272727,0.864864864864865,0.857142857142857
0.844444444444444,0.65,0.636363636363636,0.666666666666667,0.7,0.6,0.666666666666667,0.631578947368421,0.844444444444444,0.844444444444444,0.844444444444444,0.844444444444444,0.844444444444444,0.844444444444444
0.794444444444444,0.55,0.333333333333333,0.727272727272727,0.5,0.571428571428571,0.4,0.64,0.8,0.788235294117647,0.808510638297872,0.779069767441861,0.804232804232804,0.783625730994152
0.788888888888889,0.55,0.727272727272727,0.333333333333333,0.571428571428571,0.5,0.64,0.4,0.792682926829268,0.785714285714286,0.755813953488372,0.819148936170213,0.773809523809524,0.802083333333333
0.855555555555556,0.7,0.666666666666667,0.75,0.8,0.6,0.727272727272727,0.666666666666667,0.847826086956522,0.863636363636364,0.866666666666667,0.844444444444444,0.857142857142857,0.853932584269663
0.833333333333333,0.45,0.444444444444444,0.454545454545455,0.4,0.5,0.421052631578947,0.476190476190476,0.848837209302326,0.819148936170213,0.811111111111111,0.855555555555556,0.829545454545454,0.83695652173913
0.794444444444444,0.6,0.727272727272727,0.444444444444444,0.615384615384615,0.571428571428571,0.666666666666667,0.5,0.765957446808511,0.825581395348837,0.827586206896552,0.763440860215054,0.795580110497237,0.793296089385475
