train_accuracy,test_accuracy,Precision_class1,Precision_class2,Recall_class1,Recall_class2,F1_class1,F1_class2,Precision_class1_train,Precision_class2_train,Recall_class1_train,Recall_class2_train,F1_class1_train,F1_class2_train
0.916666666666667,0.65,0.857142857142857,0.538461538461538,0.5,0.875,0.631578947368421,0.666666666666667,0.929411764705882,0.905263157894737,0.897727272727273,0.934782608695652,0.913294797687861,0.919786096256685
0.833333333333333,0.7,0.8,0.6,0.666666666666667,0.75,0.727272727272727,0.666666666666667,0.815217391304348,0.852272727272727,0.852272727272727,0.815217391304348,0.833333333333333,0.833333333333333
0.861111111111111,0.65,0.333333333333333,0.909090909090909,0.75,0.625,0.461538461538462,0.740740740740741,0.873684210526316,0.847058823529412,0.864583333333333,0.857142857142857,0.869109947643979,0.85207100591716
0.85,0.65,0.636363636363636,0.666666666666667,0.7,0.6,0.666666666666667,0.631578947368421,0.846153846153846,0.853932584269663,0.855555555555556,0.844444444444444,0.850828729281768,0.849162011173184
0.811111111111111,0.6,0.7,0.5,0.583333333333333,0.625,0.636363636363636,0.555555555555556,0.806818181818182,0.815217391304348,0.806818181818182,0.815217391304348,0.806818181818182,0.815217391304348
0.827777777777778,0.75,0.615384615384615,1,1,0.583333333333333,0.761904761904762,0.736842105263158,0.842696629213483,0.813186813186813,0.815217391304348,0.840909090909091,0.828729281767956,0.8268156424581
0.855555555555556,0.65,0.666666666666667,0.625,0.727272727272727,0.555555555555556,0.695652173913043,0.588235294117647,0.831578947368421,0.882352941176471,0.887640449438202,0.824175824175824,0.858695652173913,0.852272727272727
0.805555555555556,0.8,0.857142857142857,0.769230769230769,0.666666666666667,0.909090909090909,0.75,0.833333333333333,0.804347826086957,0.806818181818182,0.813186813186813,0.797752808988764,0.808743169398907,0.80225988700565
0.844444444444444,0.7,0.7,0.7,0.7,0.7,0.7,0.7,0.822916666666667,0.869047619047619,0.877777777777778,0.811111111111111,0.849462365591398,0.839080459770115
0.816666666666667,0.65,0.857142857142857,0.538461538461538,0.5,0.875,0.631578947368421,0.666666666666667,0.823529411764706,0.810526315789474,0.795454545454545,0.83695652173913,0.809248554913295,0.823529411764706
