train_accuracy,test_accuracy,Precision_class1,Precision_class2,Recall_class1,Recall_class2,F1_class1,F1_class2,Precision_class1_train,Precision_class2_train,Recall_class1_train,Recall_class2_train,F1_class1_train,F1_class2_train
0.538888888888889,0.45,0.466666666666667,0.4,0.7,0.2,0.56,0.266666666666667,0.52755905511811,0.566037735849057,0.744444444444444,0.333333333333333,0.617511520737327,0.41958041958042
0.511111111111111,0.45,0,0.473684210526316,0,0.9,0,0.620689655172414,0.571428571428571,0.506024096385542,0.0888888888888889,0.933333333333333,0.153846153846154,0.65625
0.505555555555556,0.55,0.526315789473684,1,1,0.1,0.689655172413793,0.181818181818182,0.502824858757062,0.666666666666667,0.988888888888889,0.0222222222222222,0.666666666666667,0.043010752688172
0.5,0.5,0.5,0,1,0,0.666666666666667,0,0.5,0.5,0.944444444444444,0.0555555555555556,0.653846153846154,0.1
0.527777777777778,0.65,0.6,0.8,0.9,0.4,0.72,0.533333333333333,0.518248175182482,0.558139534883721,0.788888888888889,0.266666666666667,0.625550660792952,0.360902255639098
0.527777777777778,0.45,0,0.473684210526316,0,0.9,0,0.620689655172414,0.567567567567568,0.517482517482518,0.233333333333333,0.822222222222222,0.330708661417323,0.63519313304721
0.533333333333333,0.4,0.444444444444444,0,0.8,0,0.571428571428571,0,0.518072289156627,0.714285714285714,0.955555555555556,0.111111111111111,0.671875,0.192307692307692
0.594444444444444,0.4,0.4,0.4,0.4,0.4,0.4,0.4,0.619718309859155,0.577981651376147,0.488888888888889,0.7,0.546583850931677,0.633165829145728
0.516666666666667,0.45,0.473684210526316,0,0.9,0,0.620689655172414,0,0.508771929824561,0.666666666666667,0.966666666666667,0.0666666666666667,0.666666666666667,0.121212121212121
0.538888888888889,0.4,0.25,0.4375,0.1,0.7,0.142857142857143,0.538461538461538,0.888888888888889,0.52046783625731,0.0888888888888889,0.988888888888889,0.161616161616162,0.681992337164751
