train_accuracy,test_accuracy,Precision_class1,Precision_class2,Recall_class1,Recall_class2,F1_class1,F1_class2,Precision_class1_train,Precision_class2_train,Recall_class1_train,Recall_class2_train,F1_class1_train,F1_class2_train
0.622222222222222,0.6,0.555555555555556,1,1,0.2,0.714285714285714,0.333333333333333,0.571428571428571,0.923076923076923,0.977777777777778,0.266666666666667,0.721311475409836,0.413793103448276
0.572222222222222,0.7,1,0.625,0.4,1,0.571428571428572,0.769230769230769,0.627450980392157,0.550387596899225,0.355555555555556,0.788888888888889,0.453900709219858,0.648401826484018
0.566666666666667,0.4,0.375,0.416666666666667,0.3,0.5,0.333333333333333,0.454545454545455,0.548387096774194,0.607142857142857,0.755555555555556,0.377777777777778,0.635514018691589,0.465753424657534
0.616666666666667,0.55,0.571428571428571,0.538461538461538,0.4,0.7,0.470588235294118,0.608695652173913,0.684210526315789,0.585365853658537,0.433333333333333,0.8,0.530612244897959,0.676056338028169
0.572222222222222,0.65,0.636363636363636,0.666666666666667,0.7,0.6,0.666666666666667,0.631578947368421,0.56701030927835,0.578313253012048,0.611111111111111,0.533333333333333,0.588235294117647,0.554913294797688
0.583333333333333,0.5,0.5,0,1,0,0.666666666666667,0,0.54601226993865,0.941176470588235,0.988888888888889,0.177777777777778,0.703557312252964,0.299065420560748
0.588888888888889,0.55,0.526315789473684,1,1,0.1,0.689655172413793,0.181818181818182,0.548780487804878,1,1,0.177777777777778,0.708661417322835,0.30188679245283
0.533333333333333,0.55,0.526315789473684,1,1,0.1,0.689655172413793,0.181818181818182,0.517441860465116,0.875,0.988888888888889,0.0777777777777778,0.679389312977099,0.142857142857143
0.555555555555556,0.55,0.526315789473684,1,1,0.1,0.689655172413793,0.181818181818182,0.530120481927711,0.857142857142857,0.977777777777778,0.133333333333333,0.6875,0.230769230769231
0.588888888888889,0.55,0.533333333333333,0.6,0.8,0.3,0.64,0.4,0.55,0.9,0.977777777777778,0.2,0.704,0.327272727272727
