train_accuracy,test_accuracy,Precision_class1,Precision_class2,Recall_class1,Recall_class2,F1_class1,F1_class2,Precision_class1_train,Precision_class2_train,Recall_class1_train,Recall_class2_train,F1_class1_train,F1_class2_train
0.561111111111111,0.45,0.470588235294118,0.333333333333333,0.8,0.1,0.592592592592593,0.153846153846154,0.539007092198582,0.641025641025641,0.844444444444444,0.277777777777778,0.658008658008658,0.387596899224806
0.544444444444444,0.5,0.5,0.5,0.6,0.4,0.545454545454545,0.444444444444444,0.527777777777778,0.611111111111111,0.844444444444444,0.244444444444444,0.64957264957265,0.349206349206349
0.544444444444444,0.4,0.444444444444444,0,0.8,0,0.571428571428571,0,0.525974025974026,0.653846153846154,0.9,0.188888888888889,0.663934426229508,0.293103448275862
0.594444444444444,0.4,0.4,0.4,0.4,0.4,0.4,0.4,0.584158415841584,0.607594936708861,0.655555555555556,0.533333333333333,0.617801047120419,0.568047337278107
0.55,0.45,0.470588235294118,0.333333333333333,0.8,0.1,0.592592592592593,0.153846153846154,0.529801324503311,0.655172413793103,0.888888888888889,0.211111111111111,0.663900414937759,0.319327731092437
0.533333333333333,0.5,0.5,0,1,0,0.666666666666667,0,0.517441860465116,0.875,0.988888888888889,0.0777777777777778,0.679389312977099,0.142857142857143
0.522222222222222,0.6,0.5625,0.75,0.9,0.3,0.692307692307692,0.428571428571428,0.513333333333333,0.566666666666667,0.855555555555556,0.188888888888889,0.641666666666667,0.283333333333333
0.594444444444444,0.6,0.583333333333333,0.625,0.7,0.5,0.636363636363636,0.555555555555556,0.589473684210526,0.6,0.622222222222222,0.566666666666667,0.605405405405405,0.582857142857143
0.538888888888889,0.55,0.529411764705882,0.666666666666667,0.9,0.2,0.666666666666667,0.307692307692308,0.522012578616352,0.666666666666667,0.922222222222222,0.155555555555556,0.666666666666667,0.252252252252252
0.522222222222222,0.5,0.5,0.5,0.9,0.1,0.642857142857143,0.166666666666667,0.512048192771084,0.642857142857143,0.944444444444444,0.1,0.6640625,0.173076923076923
