train_accuracy,test_accuracy,Precision_class1,Precision_class2,Recall_class1,Recall_class2,F1_class1,F1_class2,Precision_class1_train,Precision_class2_train,Recall_class1_train,Recall_class2_train,F1_class1_train,F1_class2_train
0.911111111111111,0.75,0.7,0.8,0.777777777777778,0.727272727272727,0.736842105263158,0.761904761904762,0.921348314606742,0.901098901098901,0.901098901098901,0.921348314606742,0.911111111111111,0.911111111111111
0.927777777777778,0.7,0.75,0.666666666666667,0.6,0.8,0.666666666666667,0.727272727272727,0.952941176470588,0.905263157894737,0.9,0.955555555555556,0.925714285714286,0.92972972972973
0.9,0.9,0.875,0.916666666666667,0.875,0.916666666666667,0.875,0.916666666666667,0.911111111111111,0.888888888888889,0.891304347826087,0.909090909090909,0.901098901098901,0.898876404494382
0.916666666666667,0.8,0.785714285714286,0.833333333333333,0.916666666666667,0.625,0.846153846153846,0.714285714285714,0.919540229885057,0.913978494623656,0.909090909090909,0.923913043478261,0.914285714285714,0.918918918918919
0.905555555555556,0.8,1,0.6,0.714285714285714,1,0.833333333333333,0.75,0.887640449438202,0.923076923076923,0.918604651162791,0.893617021276596,0.902857142857143,0.908108108108108
0.9,0.75,0.428571428571429,0.923076923076923,0.75,0.75,0.545454545454545,0.827586206896552,0.914893617021277,0.883720930232558,0.895833333333333,0.904761904761905,0.905263157894737,0.894117647058824
0.888888888888889,0.95,0.875,1,1,0.923076923076923,0.933333333333333,0.96,0.919540229885057,0.860215053763441,0.860215053763441,0.919540229885057,0.888888888888889,0.888888888888889
0.911111111111111,0.75,0.714285714285714,0.833333333333333,0.909090909090909,0.555555555555556,0.8,0.666666666666667,0.901098901098901,0.921348314606742,0.921348314606742,0.901098901098901,0.911111111111111,0.911111111111111
0.883333333333333,0.8,1,0.555555555555556,0.733333333333333,1,0.846153846153846,0.714285714285714,0.9,0.87,0.847058823529412,0.91578947368421,0.872727272727273,0.892307692307692
0.927777777777778,0.65,0.666666666666667,0.636363636363636,0.6,0.7,0.631578947368421,0.666666666666667,0.896907216494845,0.963855421686747,0.966666666666667,0.888888888888889,0.93048128342246,0.92485549132948
