train_accuracy,test_accuracy,Precision_class1,Precision_class2,Recall_class1,Recall_class2,F1_class1,F1_class2,Precision_class1_train,Precision_class2_train,Recall_class1_train,Recall_class2_train,F1_class1_train,F1_class2_train
0.844444444444444,0.75,0.8,0.7,0.727272727272727,0.777777777777778,0.761904761904762,0.736842105263158,0.867469879518072,0.824742268041237,0.808988764044944,0.879120879120879,0.837209302325581,0.851063829787234
0.833333333333333,0.95,1,0.909090909090909,0.9,1,0.947368421052632,0.952380952380952,0.848837209302326,0.819148936170213,0.811111111111111,0.855555555555556,0.829545454545454,0.83695652173913
0.85,0.65,0.555555555555556,0.727272727272727,0.625,0.666666666666667,0.588235294117647,0.695652173913043,0.882352941176471,0.821052631578947,0.815217391304348,0.886363636363636,0.847457627118644,0.852459016393443
0.866666666666667,0.85,0.9,0.8,0.818181818181818,0.888888888888889,0.857142857142857,0.842105263157895,0.891566265060241,0.845360824742268,0.831460674157303,0.901098901098901,0.86046511627907,0.872340425531915
0.838888888888889,0.9,0.923076923076923,0.857142857142857,0.923076923076923,0.857142857142857,0.923076923076923,0.857142857142857,0.8625,0.82,0.793103448275862,0.881720430107527,0.826347305389222,0.849740932642487
0.85,0.8,0.777777777777778,0.818181818181818,0.777777777777778,0.818181818181818,0.777777777777778,0.818181818181818,0.872093023255814,0.829787234042553,0.824175824175824,0.876404494382023,0.847457627118644,0.852459016393443
0.861111111111111,0.65,0.666666666666667,0.636363636363636,0.6,0.7,0.631578947368421,0.666666666666667,0.873563218390805,0.849462365591398,0.844444444444444,0.877777777777778,0.858757062146893,0.863387978142076
0.844444444444444,0.9,1,0.833333333333333,0.8,1,0.888888888888889,0.909090909090909,0.878048780487805,0.816326530612245,0.8,0.888888888888889,0.837209302325581,0.851063829787234
0.866666666666667,0.6,0.5,0.75,0.75,0.5,0.6,0.6,0.886363636363636,0.847826086956522,0.847826086956522,0.886363636363636,0.866666666666667,0.866666666666667
0.838888888888889,0.9,0.9,0.9,0.9,0.9,0.9,0.9,0.867469879518072,0.814432989690722,0.8,0.877777777777778,0.832369942196532,0.844919786096257
