train_accuracy,test_accuracy,Precision_class1,Precision_class2,Recall_class1,Recall_class2,F1_class1,F1_class2,Precision_class1_train,Precision_class2_train,Recall_class1_train,Recall_class2_train,F1_class1_train,F1_class2_train
0.855555555555556,0.85,0.888888888888889,0.818181818181818,0.8,0.9,0.842105263157895,0.857142857142857,0.970588235294118,0.785714285714286,0.733333333333333,0.977777777777778,0.835443037974683,0.871287128712871
0.883333333333333,0.95,1,0.909090909090909,0.9,1,0.947368421052632,0.952380952380952,0.948051948051948,0.83495145631068,0.811111111111111,0.955555555555556,0.874251497005988,0.89119170984456
0.877777777777778,0.8,1,0.714285714285714,0.6,1,0.75,0.833333333333333,0.959459459459459,0.820754716981132,0.788888888888889,0.966666666666667,0.865853658536585,0.887755102040816
0.861111111111111,0.85,1,0.769230769230769,0.7,1,0.823529411764706,0.869565217391304,0.985074626865672,0.787610619469027,0.733333333333333,0.988888888888889,0.840764331210191,0.876847290640394
0.888888888888889,0.8,0.875,0.75,0.7,0.9,0.777777777777778,0.818181818181818,0.986111111111111,0.824074074074074,0.788888888888889,0.988888888888889,0.876543209876543,0.898989898989899
0.894444444444444,0.9,1,0.833333333333333,0.8,1,0.888888888888889,0.909090909090909,0.973333333333333,0.838095238095238,0.811111111111111,0.977777777777778,0.884848484848485,0.902564102564103
0.905555555555556,0.9,1,0.833333333333333,0.8,1,0.888888888888889,0.909090909090909,0.974025974025974,0.854368932038835,0.833333333333333,0.977777777777778,0.898203592814371,0.911917098445596
0.811111111111111,0.8,1,0.714285714285714,0.6,1,0.75,0.833333333333333,0.982758620689655,0.729508196721312,0.633333333333333,0.988888888888889,0.77027027027027,0.839622641509434
0.844444444444444,0.85,1,0.769230769230769,0.7,1,0.823529411764706,0.869565217391304,0.984375,0.767241379310345,0.7,0.988888888888889,0.818181818181818,0.864077669902913
0.9,0.8,0.8,0.8,0.8,0.8,0.8,0.8,0.95,0.86,0.844444444444444,0.955555555555556,0.894117647058824,0.905263157894737
