train_accuracy,test_accuracy,Precision_class1,Precision_class2,Recall_class1,Recall_class2,F1_class1,F1_class2,Precision_class1_train,Precision_class2_train,Recall_class1_train,Recall_class2_train,F1_class1_train,F1_class2_train
0.75,0.458333333333333,0.6,0.357142857142857,0.4,0.555555555555556,0.48,0.434782608695652,0.757575757575758,0.743589743589744,0.714285714285714,0.783783783783784,0.735294117647059,0.763157894736842
0.726851851851852,0.5,0.285714285714286,0.588235294117647,0.222222222222222,0.666666666666667,0.25,0.625,0.76,0.698275862068966,0.684684684684685,0.771428571428571,0.720379146919431,0.733031674208145
0.699074074074074,0.375,0.4,0.333333333333333,0.5,0.25,0.444444444444444,0.285714285714286,0.697247706422018,0.700934579439252,0.703703703703704,0.694444444444444,0.700460829493088,0.697674418604651
0.699074074074074,0.5,0.461538461538462,0.545454545454545,0.545454545454545,0.461538461538462,0.5,0.5,0.696428571428571,0.701923076923077,0.715596330275229,0.682242990654206,0.705882352941177,0.691943127962085
0.722222222222222,0.375,0.363636363636364,0.384615384615385,0.333333333333333,0.416666666666667,0.347826086956522,0.4,0.730769230769231,0.714285714285714,0.703703703703704,0.740740740740741,0.716981132075472,0.727272727272727
0.708333333333333,0.541666666666667,0.529411764705882,0.571428571428571,0.75,0.333333333333333,0.620689655172414,0.421052631578947,0.718446601941748,0.699115044247788,0.685185185185185,0.731481481481482,0.701421800947867,0.714932126696833
0.740740740740741,0.5,0.470588235294118,0.571428571428571,0.727272727272727,0.307692307692308,0.571428571428571,0.4,0.738738738738739,0.742857142857143,0.752293577981651,0.728971962616822,0.745454545454545,0.735849056603774
0.75462962962963,0.333333333333333,0.461538461538462,0.181818181818182,0.4,0.222222222222222,0.428571428571429,0.2,0.76,0.75,0.723809523809524,0.783783783783784,0.741463414634146,0.766519823788546
0.740740740740741,0.625,0.571428571428571,0.7,0.727272727272727,0.538461538461538,0.64,0.608695652173913,0.738738738738739,0.742857142857143,0.752293577981651,0.728971962616822,0.745454545454545,0.735849056603774
0.763888888888889,0.416666666666667,0.416666666666667,0.416666666666667,0.416666666666667,0.416666666666667,0.416666666666667,0.416666666666667,0.756756756756757,0.771428571428571,0.777777777777778,0.75,0.767123287671233,0.76056338028169
