train_accuracy,test_accuracy,Precision_class1,Precision_class2,Recall_class1,Recall_class2,F1_class1,F1_class2,Precision_class1_train,Precision_class2_train,Recall_class1_train,Recall_class2_train,F1_class1_train,F1_class2_train
0.844444444444444,0.6,0.4,0.8,0.666666666666667,0.571428571428571,0.5,0.666666666666667,0.883720930232558,0.808510638297872,0.808510638297872,0.883720930232558,0.844444444444444,0.844444444444444
0.811111111111111,0.5,0.777777777777778,0.272727272727273,0.466666666666667,0.6,0.583333333333333,0.375,0.84,0.79047619047619,0.741176470588235,0.873684210526316,0.7875,0.83
0.822222222222222,0.65,0.818181818181818,0.444444444444444,0.642857142857143,0.666666666666667,0.72,0.533333333333333,0.821428571428571,0.822916666666667,0.802325581395349,0.840425531914894,0.811764705882353,0.831578947368421
0.827777777777778,0.5,0.4,0.6,0.5,0.5,0.444444444444444,0.545454545454545,0.850574712643678,0.806451612903226,0.804347826086957,0.852272727272727,0.8268156424581,0.828729281767956
0.772222222222222,0.5,0.545454545454545,0.444444444444444,0.545454545454545,0.444444444444444,0.545454545454545,0.444444444444444,0.779069767441861,0.765957446808511,0.752808988764045,0.791208791208791,0.765714285714286,0.778378378378378
0.827777777777778,0.7,0.714285714285714,0.692307692307692,0.555555555555556,0.818181818181818,0.625,0.75,0.819148936170213,0.837209302325581,0.846153846153846,0.808988764044944,0.832432432432432,0.822857142857143
0.816666666666667,0.55,0.5,0.625,0.666666666666667,0.454545454545455,0.571428571428572,0.526315789473684,0.822222222222222,0.811111111111111,0.813186813186813,0.820224719101124,0.81767955801105,0.815642458100559
0.855555555555556,0.35,0.333333333333333,0.357142857142857,0.181818181818182,0.555555555555556,0.235294117647059,0.434782608695652,0.879518072289157,0.835051546391753,0.820224719101124,0.89010989010989,0.848837209302326,0.861702127659574
0.805555555555556,0.5,0.545454545454545,0.444444444444444,0.545454545454545,0.444444444444444,0.545454545454545,0.444444444444444,0.829268292682927,0.785714285714286,0.764044943820225,0.846153846153846,0.795321637426901,0.814814814814815
0.783333333333333,0.7,0.5,1,1,0.571428571428571,0.666666666666667,0.727272727272727,0.808988764044944,0.758241758241758,0.765957446808511,0.802325581395349,0.786885245901639,0.779661016949152
