train_accuracy,test_accuracy,Precision_class1,Precision_class2,Recall_class1,Recall_class2,F1_class1,F1_class2,Precision_class1_train,Precision_class2_train,Recall_class1_train,Recall_class2_train,F1_class1_train,F1_class2_train
0.627777777777778,0.55,0.533333333333333,0.6,0.8,0.3,0.64,0.4,0.583941605839416,0.767441860465116,0.888888888888889,0.366666666666667,0.704845814977974,0.496240601503759
0.616666666666667,0.5,0.5,0.5,0.4,0.6,0.444444444444444,0.545454545454545,0.606060606060606,0.62962962962963,0.666666666666667,0.566666666666667,0.634920634920635,0.596491228070176
0.572222222222222,0.55,0.571428571428571,0.538461538461538,0.4,0.7,0.470588235294118,0.608695652173913,0.60655737704918,0.554621848739496,0.411111111111111,0.733333333333333,0.490066225165563,0.631578947368421
0.588888888888889,0.75,0.857142857142857,0.692307692307692,0.6,0.9,0.705882352941176,0.782608695652174,0.614285714285714,0.572727272727273,0.477777777777778,0.7,0.5375,0.63
0.477777777777778,0.5,0.5,0.5,0.8,0.2,0.615384615384615,0.285714285714286,0.483606557377049,0.46551724137931,0.655555555555556,0.3,0.556603773584906,0.364864864864865
0.633333333333333,0.45,0.428571428571429,0.461538461538462,0.3,0.6,0.352941176470588,0.521739130434783,0.706896551724138,0.598360655737705,0.455555555555556,0.811111111111111,0.554054054054054,0.688679245283019
0.527777777777778,0.45,0.473684210526316,0,0.9,0,0.620689655172414,0,0.514450867052023,0.857142857142857,0.988888888888889,0.0666666666666667,0.67680608365019,0.123711340206186
0.561111111111111,0.5,0.5,0,1,0,0.666666666666667,0,0.532934131736527,0.923076923076923,0.988888888888889,0.133333333333333,0.692607003891051,0.233009708737864
0.661111111111111,0.7,0.7,0.7,0.7,0.7,0.7,0.7,0.704225352112676,0.63302752293578,0.555555555555556,0.766666666666667,0.62111801242236,0.693467336683417
0.566666666666667,0.4,0.4,0.4,0.4,0.4,0.4,0.4,0.5625,0.571428571428571,0.6,0.533333333333333,0.580645161290323,0.551724137931034
