train_accuracy,test_accuracy,Precision_class1,Precision_class2,Recall_class1,Recall_class2,F1_class1,F1_class2,Precision_class1_train,Precision_class2_train,Recall_class1_train,Recall_class2_train,F1_class1_train,F1_class2_train
0.966666666666667,0.8,0.8,0.8,0.8,0.8,0.8,0.8,0.977272727272727,0.956521739130435,0.955555555555556,0.977777777777778,0.966292134831461,0.967032967032967
0.977777777777778,0.7,0.615384615384615,0.857142857142857,0.888888888888889,0.545454545454545,0.727272727272727,0.666666666666667,0.978021978021978,0.97752808988764,0.978021978021978,0.97752808988764,0.978021978021978,0.97752808988764
0.966666666666667,0.9,0.888888888888889,0.909090909090909,0.888888888888889,0.909090909090909,0.888888888888889,0.909090909090909,0.97752808988764,0.956043956043956,0.956043956043956,0.97752808988764,0.966666666666667,0.966666666666667
0.977777777777778,0.8,1,0.692307692307692,0.636363636363636,1,0.777777777777778,0.818181818181818,0.988505747126437,0.967741935483871,0.966292134831461,0.989010989010989,0.977272727272727,0.978260869565217
0.983333333333333,0.85,0.9,0.8,0.818181818181818,0.888888888888889,0.857142857142857,0.842105263157895,0.988636363636364,0.978260869565217,0.97752808988764,0.989010989010989,0.983050847457627,0.983606557377049
0.966666666666667,0.75,0.833333333333333,0.714285714285714,0.555555555555556,0.909090909090909,0.666666666666667,0.8,0.967032967032967,0.966292134831461,0.967032967032967,0.966292134831461,0.967032967032967,0.966292134831461
0.983333333333333,0.75,0.777777777777778,0.727272727272727,0.7,0.8,0.736842105263158,0.761904761904762,0.98876404494382,0.978021978021978,0.977777777777778,0.988888888888889,0.983240223463687,0.983425414364641
0.972222222222222,0.95,1,0.909090909090909,0.9,1,0.947368421052632,0.952380952380952,0.988505747126437,0.956989247311828,0.955555555555556,0.988888888888889,0.971751412429379,0.972677595628415
0.988888888888889,0.7,0.625,1,1,0.4,0.769230769230769,0.571428571428572,0.988888888888889,0.988888888888889,0.988888888888889,0.988888888888889,0.988888888888889,0.988888888888889
0.988888888888889,0.8,0.888888888888889,0.727272727272727,0.727272727272727,0.888888888888889,0.8,0.8,0.98876404494382,0.989010989010989,0.98876404494382,0.989010989010989,0.98876404494382,0.989010989010989
