train_accuracy,test_accuracy,Precision_class1,Precision_class2,Recall_class1,Recall_class2,F1_class1,F1_class2,Precision_class1_train,Precision_class2_train,Recall_class1_train,Recall_class2_train,F1_class1_train,F1_class2_train
0.516666666666667,0.5,0,0.5,0,1,0,0.666666666666667,0.8,0.508571428571429,0.0444444444444444,0.988888888888889,0.0842105263157895,0.671698113207547
0.511111111111111,0.5,0,0.5,0,1,0,0.666666666666667,0.666666666666667,0.505747126436782,0.0444444444444444,0.977777777777778,0.0833333333333333,0.666666666666667
0.566666666666667,0.75,0.692307692307692,0.857142857142857,0.9,0.6,0.782608695652174,0.705882352941176,0.548387096774194,0.607142857142857,0.755555555555556,0.377777777777778,0.635514018691589,0.465753424657534
0.483333333333333,0.5,0.5,0.5,0.6,0.4,0.545454545454545,0.444444444444444,0.48780487804878,0.473684210526316,0.666666666666667,0.3,0.563380281690141,0.36734693877551
0.511111111111111,0.6,1,0.555555555555556,0.2,1,0.333333333333333,0.714285714285714,0.75,0.505681818181818,0.0333333333333333,0.988888888888889,0.0638297872340426,0.669172932330827
0.494444444444444,0.65,0.636363636363636,0.666666666666667,0.7,0.6,0.666666666666667,0.631578947368421,0.491803278688525,0.495798319327731,0.333333333333333,0.655555555555556,0.397350993377483,0.564593301435407
0.516666666666667,0.55,1,0.526315789473684,0.1,1,0.181818181818182,0.689655172413793,0.636363636363636,0.50887573964497,0.0777777777777778,0.955555555555556,0.138613861386139,0.664092664092664
0.605555555555556,0.55,0.6,0.533333333333333,0.3,0.8,0.4,0.64,0.711111111111111,0.57037037037037,0.355555555555556,0.855555555555556,0.474074074074074,0.684444444444444
0.577777777777778,0.7,0.666666666666667,0.75,0.8,0.6,0.727272727272727,0.666666666666667,0.563636363636364,0.6,0.688888888888889,0.466666666666667,0.62,0.525
0.522222222222222,0.65,0.636363636363636,0.666666666666667,0.7,0.6,0.666666666666667,0.631578947368421,0.527777777777778,0.518518518518518,0.422222222222222,0.622222222222222,0.469135802469136,0.565656565656566
