train_accuracy,test_accuracy,Precision_class1,Precision_class2,Recall_class1,Recall_class2,F1_class1,F1_class2,Precision_class1_train,Precision_class2_train,Recall_class1_train,Recall_class2_train,F1_class1_train,F1_class2_train
0.577777777777778,0.4,0.375,0.416666666666667,0.3,0.5,0.333333333333333,0.454545454545455,0.579545454545455,0.576086956521739,0.566666666666667,0.588888888888889,0.573033707865169,0.582417582417582
0.505555555555556,0.55,0.545454545454545,0.555555555555556,0.6,0.5,0.571428571428571,0.526315789473684,0.504065040650406,0.508771929824561,0.688888888888889,0.322222222222222,0.582159624413145,0.394557823129252
0.544444444444444,0.75,0.692307692307692,0.857142857142857,0.9,0.6,0.782608695652174,0.705882352941176,0.527397260273973,0.617647058823529,0.855555555555556,0.233333333333333,0.652542372881356,0.338709677419355
0.555555555555556,0.35,0.285714285714286,0.384615384615385,0.2,0.5,0.235294117647059,0.434782608695652,0.569444444444444,0.546296296296296,0.455555555555556,0.655555555555556,0.506172839506173,0.595959595959596
0.561111111111111,0.5,0.5,0.5,0.1,0.9,0.166666666666667,0.642857142857143,0.612244897959184,0.541984732824427,0.333333333333333,0.788888888888889,0.431654676258993,0.642533936651584
0.527777777777778,0.5,0.5,0.5,0.4,0.6,0.444444444444444,0.545454545454545,0.53968253968254,0.521367521367521,0.377777777777778,0.677777777777778,0.444444444444444,0.589371980676329
0.522222222222222,0.4,0.4,0.4,0.4,0.4,0.4,0.4,0.521276595744681,0.523255813953488,0.544444444444444,0.5,0.532608695652174,0.511363636363636
0.522222222222222,0.45,0.333333333333333,0.470588235294118,0.1,0.8,0.153846153846154,0.592592592592593,0.535714285714286,0.516129032258065,0.333333333333333,0.711111111111111,0.410958904109589,0.598130841121495
0.588888888888889,0.2,0.125,0.25,0.1,0.3,0.111111111111111,0.272727272727273,0.590909090909091,0.58695652173913,0.577777777777778,0.6,0.584269662921348,0.593406593406593
0.516666666666667,0.6,0.5625,0.75,0.9,0.3,0.692307692307692,0.428571428571428,0.510204081632653,0.545454545454545,0.833333333333333,0.2,0.632911392405063,0.292682926829268
