train_accuracy,test_accuracy,Precision_class1,Precision_class2,Recall_class1,Recall_class2,F1_class1,F1_class2,Precision_class1_train,Precision_class2_train,Recall_class1_train,Recall_class2_train,F1_class1_train,F1_class2_train
0.766666666666667,0.6,0.666666666666667,0.5,0.666666666666667,0.5,0.666666666666667,0.5,0.7875,0.75,0.715909090909091,0.815217391304348,0.75,0.78125
0.833333333333333,0.5,0.461538461538462,0.571428571428571,0.666666666666667,0.363636363636364,0.545454545454546,0.444444444444444,0.842696629213483,0.824175824175824,0.824175824175824,0.842696629213483,0.833333333333333,0.833333333333333
0.755555555555556,0.45,0.555555555555556,0.363636363636364,0.416666666666667,0.5,0.476190476190476,0.421052631578947,0.75,0.760869565217391,0.75,0.760869565217391,0.75,0.760869565217391
0.827777777777778,0.45,0.333333333333333,0.625,0.571428571428571,0.384615384615385,0.421052631578947,0.476190476190476,0.844444444444444,0.811111111111111,0.817204301075269,0.839080459770115,0.830601092896175,0.824858757062147
0.783333333333333,0.6,0.466666666666667,1,1,0.384615384615385,0.636363636363636,0.555555555555556,0.754716981132076,0.824324324324324,0.860215053763441,0.701149425287356,0.804020100502513,0.75776397515528
0.777777777777778,0.55,0.285714285714286,0.692307692307692,0.333333333333333,0.642857142857143,0.307692307692308,0.666666666666667,0.775510204081633,0.780487804878049,0.808510638297872,0.744186046511628,0.791666666666667,0.761904761904762
0.838888888888889,0.6,0.714285714285714,0.538461538461538,0.454545454545455,0.777777777777778,0.555555555555556,0.636363636363636,0.826086956521739,0.852272727272727,0.853932584269663,0.824175824175824,0.839779005524862,0.837988826815642
0.777777777777778,0.5,0.454545454545455,0.555555555555556,0.555555555555556,0.454545454545455,0.5,0.5,0.78021978021978,0.775280898876405,0.78021978021978,0.775280898876405,0.78021978021978,0.775280898876405
0.794444444444444,0.7,0.888888888888889,0.545454545454545,0.615384615384615,0.857142857142857,0.727272727272727,0.666666666666667,0.804878048780488,0.785714285714286,0.758620689655172,0.827956989247312,0.781065088757396,0.806282722513089
0.811111111111111,0.65,0.888888888888889,0.454545454545455,0.571428571428571,0.833333333333333,0.695652173913043,0.588235294117647,0.80952380952381,0.8125,0.790697674418605,0.829787234042553,0.8,0.821052631578947
