train_accuracy,test_accuracy,Precision_class1,Precision_class2,Recall_class1,Recall_class2,F1_class1,F1_class2,Precision_class1_train,Precision_class2_train,Recall_class1_train,Recall_class2_train,F1_class1_train,F1_class2_train
0.791666666666667,0.416666666666667,0.333333333333333,0.5,0.4,0.428571428571429,0.363636363636364,0.461538461538462,0.803738317757009,0.779816513761468,0.781818181818182,0.80188679245283,0.792626728110599,0.790697674418605
0.777777777777778,0.625,0.461538461538462,0.818181818181818,0.75,0.5625,0.571428571428571,0.666666666666667,0.780701754385965,0.774509803921569,0.794642857142857,0.759615384615385,0.787610619469026,0.766990291262136
0.75462962962963,0.458333333333333,0.4,0.555555555555556,0.6,0.357142857142857,0.48,0.434782608695652,0.739495798319328,0.77319587628866,0.8,0.707547169811321,0.768558951965066,0.738916256157635
0.773148148148148,0.5,0.461538461538462,0.545454545454545,0.545454545454545,0.461538461538462,0.5,0.5,0.758620689655172,0.79,0.807339449541284,0.738317757009346,0.782222222222222,0.763285024154589
0.796296296296296,0.416666666666667,0.416666666666667,0.416666666666667,0.416666666666667,0.416666666666667,0.416666666666667,0.416666666666667,0.796296296296296,0.796296296296296,0.796296296296296,0.796296296296296,0.796296296296296,0.796296296296296
0.75,0.583333333333333,0.642857142857143,0.5,0.642857142857143,0.5,0.642857142857143,0.5,0.745283018867924,0.754545454545455,0.745283018867924,0.754545454545455,0.745283018867924,0.754545454545455
0.773148148148148,0.458333333333333,0.5,0.4,0.538461538461538,0.363636363636364,0.518518518518519,0.380952380952381,0.737704918032787,0.819148936170213,0.841121495327103,0.706422018348624,0.786026200873362,0.758620689655172
0.759259259259259,0.5,0.583333333333333,0.416666666666667,0.5,0.5,0.538461538461538,0.454545454545455,0.764705882352941,0.754385964912281,0.735849056603774,0.781818181818182,0.75,0.767857142857143
0.763888888888889,0.458333333333333,0.5,0.375,0.615384615384615,0.272727272727273,0.551724137931034,0.315789473684211,0.75,0.778846153846154,0.785046728971963,0.743119266055046,0.767123287671233,0.76056338028169
0.796296296296296,0.583333333333333,0.727272727272727,0.461538461538462,0.533333333333333,0.666666666666667,0.615384615384615,0.545454545454546,0.774774774774775,0.819047619047619,0.819047619047619,0.774774774774775,0.796296296296296,0.796296296296296
