train_accuracy,test_accuracy,Precision_class1,Precision_class2,Recall_class1,Recall_class2,F1_class1,F1_class2,Precision_class1_train,Precision_class2_train,Recall_class1_train,Recall_class2_train,F1_class1_train,F1_class2_train
0.916666666666667,0.55,0.375,0.666666666666667,0.428571428571429,0.615384615384615,0.4,0.64,0.943181818181818,0.891304347826087,0.89247311827957,0.942528735632184,0.917127071823204,0.916201117318436
0.916666666666667,0.6,0.727272727272727,0.444444444444444,0.615384615384615,0.571428571428571,0.666666666666667,0.5,0.918604651162791,0.914893617021277,0.908045977011494,0.924731182795699,0.913294797687861,0.919786096256685
0.894444444444444,0.55,0.625,0.5,0.454545454545455,0.666666666666667,0.526315789473684,0.571428571428572,0.9375,0.86,0.842696629213483,0.945054945054945,0.887573964497041,0.900523560209424
0.883333333333333,0.65,0.666666666666667,0.625,0.727272727272727,0.555555555555556,0.695652173913043,0.588235294117647,0.877777777777778,0.888888888888889,0.887640449438202,0.879120879120879,0.88268156424581,0.883977900552486
0.905555555555556,0.5,0.444444444444444,0.545454545454545,0.444444444444444,0.545454545454545,0.444444444444444,0.545454545454545,0.893617021276596,0.918604651162791,0.923076923076923,0.887640449438202,0.908108108108108,0.902857142857143
0.927777777777778,0.9,0.916666666666667,0.875,0.916666666666667,0.875,0.916666666666667,0.875,0.931034482758621,0.924731182795699,0.920454545454545,0.934782608695652,0.925714285714286,0.92972972972973
0.877777777777778,0.45,0.416666666666667,0.5,0.555555555555556,0.363636363636364,0.476190476190476,0.421052631578947,0.896551724137931,0.860215053763441,0.857142857142857,0.898876404494382,0.876404494382022,0.879120879120879
0.933333333333333,0.6,0.5,0.7,0.625,0.583333333333333,0.555555555555556,0.636363636363636,0.934782608695652,0.931818181818182,0.934782608695652,0.931818181818182,0.934782608695652,0.931818181818182
0.9,0.6,0.625,0.583333333333333,0.5,0.7,0.555555555555556,0.636363636363636,0.875,0.928571428571429,0.933333333333333,0.866666666666667,0.903225806451613,0.896551724137931
0.861111111111111,0.6,0.583333333333333,0.625,0.7,0.5,0.636363636363636,0.555555555555556,0.865168539325843,0.857142857142857,0.855555555555556,0.866666666666667,0.860335195530726,0.861878453038674
