train_accuracy,test_accuracy,Precision_class1,Precision_class2,Recall_class1,Recall_class2,F1_class1,F1_class2,Precision_class1_train,Precision_class2_train,Recall_class1_train,Recall_class2_train,F1_class1_train,F1_class2_train
0.855555555555556,0.55,0.583333333333333,0.5,0.636363636363636,0.444444444444444,0.608695652173913,0.470588235294118,0.879518072289157,0.835051546391753,0.820224719101124,0.89010989010989,0.848837209302326,0.861702127659574
0.888888888888889,0.55,0.4,0.7,0.571428571428571,0.538461538461538,0.470588235294118,0.608695652173913,0.919540229885057,0.860215053763441,0.860215053763441,0.919540229885057,0.888888888888889,0.888888888888889
0.877777777777778,0.55,0.5,0.625,0.666666666666667,0.454545454545455,0.571428571428572,0.526315789473684,0.896551724137931,0.860215053763441,0.857142857142857,0.898876404494382,0.876404494382022,0.879120879120879
0.866666666666667,0.55,0.545454545454545,0.555555555555556,0.6,0.5,0.571428571428571,0.526315789473684,0.866666666666667,0.866666666666667,0.866666666666667,0.866666666666667,0.866666666666667,0.866666666666667
0.883333333333333,0.5,0.625,0.416666666666667,0.416666666666667,0.625,0.5,0.5,0.876404494382023,0.89010989010989,0.886363636363636,0.880434782608696,0.88135593220339,0.885245901639344
0.883333333333333,0.7,0.642857142857143,0.833333333333333,0.9,0.5,0.75,0.625,0.905882352941176,0.863157894736842,0.855555555555556,0.911111111111111,0.88,0.886486486486487
0.877777777777778,0.6,0.7,0.5,0.583333333333333,0.625,0.636363636363636,0.555555555555556,0.875,0.880434782608696,0.875,0.880434782608696,0.875,0.880434782608696
0.905555555555556,0.3,0.384615384615385,0.142857142857143,0.454545454545455,0.111111111111111,0.416666666666667,0.125,0.939024390243902,0.877551020408163,0.865168539325843,0.945054945054945,0.900584795321637,0.91005291005291
0.861111111111111,0.35,0.333333333333333,0.363636363636364,0.3,0.4,0.315789473684211,0.380952380952381,0.873563218390805,0.849462365591398,0.844444444444444,0.877777777777778,0.858757062146893,0.863387978142076
0.85,0.4,0.166666666666667,0.5,0.125,0.583333333333333,0.142857142857143,0.538461538461538,0.873563218390805,0.827956989247312,0.826086956521739,0.875,0.849162011173184,0.850828729281768
