train_accuracy,test_accuracy,Precision_class1,Precision_class2,Recall_class1,Recall_class2,F1_class1,F1_class2,Precision_class1_train,Precision_class2_train,Recall_class1_train,Recall_class2_train,F1_class1_train,F1_class2_train
0.888888888888889,0.6,0.615384615384615,0.571428571428571,0.727272727272727,0.444444444444444,0.666666666666667,0.5,0.887640449438202,0.89010989010989,0.887640449438202,0.89010989010989,0.887640449438202,0.89010989010989
0.922222222222222,0.7,0.666666666666667,0.727272727272727,0.666666666666667,0.727272727272727,0.666666666666667,0.727272727272727,0.932584269662921,0.912087912087912,0.912087912087912,0.932584269662921,0.922222222222222,0.922222222222222
0.922222222222222,0.35,0.4,0.3,0.363636363636364,0.333333333333333,0.380952380952381,0.315789473684211,0.921348314606742,0.923076923076923,0.921348314606742,0.923076923076923,0.921348314606742,0.923076923076923
0.922222222222222,0.65,0.571428571428571,0.692307692307692,0.5,0.75,0.533333333333333,0.72,0.953488372093023,0.893617021276596,0.891304347826087,0.954545454545455,0.921348314606742,0.923076923076923
0.888888888888889,0.5,0.666666666666667,0.363636363636364,0.461538461538462,0.571428571428571,0.545454545454546,0.444444444444444,0.903614457831325,0.876288659793814,0.862068965517241,0.913978494623656,0.882352941176471,0.894736842105263
0.916666666666667,0.45,0.545454545454545,0.333333333333333,0.5,0.375,0.521739130434783,0.352941176470588,0.939759036144578,0.896907216494845,0.886363636363636,0.945652173913043,0.912280701754386,0.920634920634921
0.916666666666667,0.5,0.4,0.6,0.5,0.5,0.444444444444444,0.545454545454545,0.923076923076923,0.910112359550562,0.91304347826087,0.920454545454545,0.918032786885246,0.915254237288136
0.911111111111111,0.7,0.75,0.666666666666667,0.6,0.8,0.666666666666667,0.727272727272727,0.930232558139535,0.893617021276596,0.888888888888889,0.933333333333333,0.909090909090909,0.91304347826087
0.933333333333333,0.75,0.833333333333333,0.714285714285714,0.555555555555556,0.909090909090909,0.666666666666667,0.8,0.954022988505747,0.913978494623656,0.912087912087912,0.955056179775281,0.932584269662921,0.934065934065934
0.916666666666667,0.6,0.533333333333333,0.8,0.888888888888889,0.363636363636364,0.666666666666667,0.5,0.931818181818182,0.902173913043478,0.901098901098901,0.932584269662921,0.916201117318436,0.917127071823204
