train_accuracy,test_accuracy,Precision_class1,Precision_class2,Recall_class1,Recall_class2,F1_class1,F1_class2,Precision_class1_train,Precision_class2_train,Recall_class1_train,Recall_class2_train,F1_class1_train,F1_class2_train
0.988888888888889,1,1,1,1,1,1,1,0.98936170212766,0.988372093023256,0.98936170212766,0.988372093023256,0.98936170212766,0.988372093023256
0.988888888888889,1,1,1,1,1,1,1,0.989247311827957,0.988505747126437,0.989247311827957,0.988505747126437,0.989247311827957,0.988505747126437
0.988888888888889,0.95,0.933333333333333,1,1,0.833333333333333,0.96551724137931,0.909090909090909,0.988372093023256,0.98936170212766,0.988372093023256,0.98936170212766,0.988372093023256,0.98936170212766
0.983333333333333,1,1,1,1,1,1,1,0.988888888888889,0.977777777777778,0.978021978021978,0.98876404494382,0.983425414364641,0.983240223463687
0.988888888888889,1,1,1,1,1,1,1,0.98876404494382,0.989010989010989,0.98876404494382,0.989010989010989,0.98876404494382,0.989010989010989
0.983333333333333,1,1,1,1,1,1,1,0.98876404494382,0.978021978021978,0.977777777777778,0.988888888888889,0.983240223463687,0.983425414364641
0.988888888888889,0.95,1,0.923076923076923,0.875,1,0.933333333333333,0.96,0.989130434782609,0.988636363636364,0.989130434782609,0.988636363636364,0.989130434782609,0.988636363636364
0.983333333333333,1,1,1,1,1,1,1,0.989010989010989,0.97752808988764,0.978260869565217,0.988636363636364,0.983606557377049,0.983050847457627
0.994444444444444,0.95,0.933333333333333,1,1,0.833333333333333,0.96551724137931,0.909090909090909,1,0.989473684210526,0.988372093023256,1,0.994152046783626,0.994708994708995
0.994444444444444,0.95,1,0.875,0.923076923076923,1,0.96,0.933333333333333,0.988636363636364,1,1,0.989247311827957,0.994285714285714,0.994594594594595
