train_accuracy,test_accuracy,Precision_class1,Precision_class2,Recall_class1,Recall_class2,F1_class1,F1_class2,Precision_class1_train,Precision_class2_train,Recall_class1_train,Recall_class2_train,F1_class1_train,F1_class2_train
0.811111111111111,0.9,1,0.833333333333333,0.8,1,0.888888888888889,0.909090909090909,0.841463414634146,0.785714285714286,0.766666666666667,0.855555555555556,0.802325581395349,0.819148936170213
0.822222222222222,0.75,0.615384615384615,1,1,0.583333333333333,0.761904761904762,0.736842105263158,0.865853658536585,0.785714285714286,0.771739130434783,0.875,0.816091954022989,0.827956989247312
0.794444444444444,0.9,0.888888888888889,0.909090909090909,0.888888888888889,0.909090909090909,0.888888888888889,0.909090909090909,0.813953488372093,0.776595744680851,0.769230769230769,0.820224719101124,0.790960451977401,0.797814207650273
0.805555555555556,0.8,0.818181818181818,0.777777777777778,0.818181818181818,0.777777777777778,0.818181818181818,0.777777777777778,0.821428571428571,0.791666666666667,0.775280898876405,0.835164835164835,0.797687861271676,0.812834224598931
0.822222222222222,0.75,0.875,0.666666666666667,0.636363636363636,0.888888888888889,0.736842105263158,0.761904761904762,0.851851851851852,0.797979797979798,0.775280898876405,0.868131868131868,0.811764705882353,0.831578947368421
0.844444444444444,0.75,0.5,0.916666666666667,0.8,0.733333333333333,0.615384615384615,0.814814814814815,0.868131868131868,0.820224719101124,0.831578947368421,0.858823529411765,0.849462365591398,0.839080459770115
0.833333333333333,0.7,0.666666666666667,0.75,0.8,0.6,0.727272727272727,0.666666666666667,0.857142857142857,0.8125,0.8,0.866666666666667,0.827586206896552,0.838709677419355
0.822222222222222,0.7,0.666666666666667,0.714285714285714,0.5,0.833333333333333,0.571428571428572,0.769230769230769,0.857142857142857,0.791666666666667,0.782608695652174,0.863636363636364,0.818181818181818,0.826086956521739
0.827777777777778,0.85,1,0.666666666666667,0.785714285714286,1,0.88,0.8,0.848101265822785,0.811881188118812,0.779069767441861,0.872340425531915,0.812121212121212,0.841025641025641
0.827777777777778,0.6,0.8,0.4,0.571428571428571,0.666666666666667,0.666666666666667,0.5,0.839506172839506,0.818181818181818,0.790697674418605,0.861702127659574,0.81437125748503,0.839378238341969
