train_accuracy,test_accuracy,Precision_class1,Precision_class2,Recall_class1,Recall_class2,F1_class1,F1_class2,Precision_class1_train,Precision_class2_train,Recall_class1_train,Recall_class2_train,F1_class1_train,F1_class2_train
0.966666666666667,0.7,0.444444444444444,0.909090909090909,0.8,0.666666666666667,0.571428571428571,0.769230769230769,0.978494623655914,0.954022988505747,0.957894736842105,0.976470588235294,0.968085106382979,0.965116279069767
0.961111111111111,0.85,1,0.625,0.8,1,0.888888888888889,0.769230769230769,0.933333333333333,0.988888888888889,0.988235294117647,0.936842105263158,0.96,0.962162162162162
0.961111111111111,0.85,0.75,1,1,0.727272727272727,0.857142857142857,0.842105263157895,0.946808510638298,0.976744186046512,0.978021978021978,0.943820224719101,0.962162162162162,0.96
0.961111111111111,0.9,1,0.75,0.857142857142857,1,0.923076923076923,0.857142857142857,0.975903614457831,0.948453608247423,0.941860465116279,0.978723404255319,0.958579881656805,0.963350785340314
0.972222222222222,0.7,0.666666666666667,0.75,0.8,0.6,0.727272727272727,0.666666666666667,0.967032967032967,0.97752808988764,0.977777777777778,0.966666666666667,0.972375690607735,0.972067039106145
0.933333333333333,0.65,0.777777777777778,0.545454545454545,0.583333333333333,0.75,0.666666666666667,0.631578947368421,0.931818181818182,0.934782608695652,0.931818181818182,0.934782608695652,0.931818181818182,0.934782608695652
0.944444444444444,0.9,0.857142857142857,0.923076923076923,0.857142857142857,0.923076923076923,0.857142857142857,0.923076923076923,0.936842105263158,0.952941176470588,0.956989247311828,0.931034482758621,0.946808510638298,0.941860465116279
0.944444444444444,0.75,0.666666666666667,0.818181818181818,0.75,0.75,0.705882352941177,0.782608695652174,0.945652173913043,0.943181818181818,0.945652173913043,0.943181818181818,0.945652173913043,0.943181818181818
0.944444444444444,0.85,0.9,0.8,0.818181818181818,0.888888888888889,0.857142857142857,0.842105263157895,0.943820224719101,0.945054945054945,0.943820224719101,0.945054945054945,0.943820224719101,0.945054945054945
0.977777777777778,0.8,0.857142857142857,0.769230769230769,0.666666666666667,0.909090909090909,0.75,0.833333333333333,0.978021978021978,0.97752808988764,0.978021978021978,0.97752808988764,0.978021978021978,0.97752808988764
