train_accuracy,test_accuracy,Precision_class1,Precision_class2,Recall_class1,Recall_class2,F1_class1,F1_class2,Precision_class1_train,Precision_class2_train,Recall_class1_train,Recall_class2_train,F1_class1_train,F1_class2_train
0.888888888888889,0.35,0.571428571428571,0.230769230769231,0.285714285714286,0.5,0.380952380952381,0.315789473684211,0.858695652173913,0.920454545454545,0.918604651162791,0.861702127659574,0.887640449438202,0.89010989010989
0.883333333333333,0.45,0.6,0.3,0.461538461538462,0.428571428571429,0.521739130434783,0.352941176470588,0.875,0.891304347826087,0.885057471264368,0.881720430107527,0.88,0.886486486486486
0.894444444444444,0.55,0.5,0.625,0.666666666666667,0.454545454545455,0.571428571428572,0.526315789473684,0.928571428571429,0.864583333333333,0.857142857142857,0.932584269662921,0.891428571428571,0.897297297297297
0.877777777777778,0.45,0.357142857142857,0.666666666666667,0.714285714285714,0.307692307692308,0.476190476190476,0.421052631578947,0.917647058823529,0.842105263157895,0.838709677419355,0.919540229885057,0.876404494382023,0.879120879120879
0.805555555555556,0.45,0.4,0.5,0.444444444444444,0.454545454545455,0.421052631578947,0.476190476190476,0.825581395348837,0.787234042553192,0.78021978021978,0.831460674157303,0.80225988700565,0.808743169398907
0.855555555555556,0.25,0.5,0.142857142857143,0.2,0.4,0.285714285714286,0.210526315789474,0.855421686746988,0.855670103092783,0.835294117647059,0.873684210526316,0.845238095238095,0.864583333333333
0.861111111111111,0.35,0.0909090909090909,0.666666666666667,0.25,0.375,0.133333333333333,0.48,0.89010989010989,0.831460674157303,0.84375,0.880952380952381,0.866310160427808,0.855491329479769
0.894444444444444,0.35,0.444444444444444,0.272727272727273,0.333333333333333,0.375,0.380952380952381,0.315789473684211,0.896551724137931,0.89247311827957,0.886363636363636,0.902173913043478,0.891428571428571,0.897297297297297
0.85,0.45,0.454545454545455,0.444444444444444,0.5,0.4,0.476190476190476,0.421052631578947,0.862068965517241,0.838709677419355,0.833333333333333,0.866666666666667,0.847457627118644,0.852459016393443
0.888888888888889,0.3,0.230769230769231,0.428571428571429,0.428571428571429,0.230769230769231,0.3,0.3,0.89247311827957,0.885057471264368,0.89247311827957,0.885057471264368,0.89247311827957,0.885057471264368
