train_accuracy,test_accuracy,Precision_class1,Precision_class2,Recall_class1,Recall_class2,F1_class1,F1_class2,Precision_class1_train,Precision_class2_train,Recall_class1_train,Recall_class2_train,F1_class1_train,F1_class2_train
0.855555555555556,0.25,0.25,0.25,0.333333333333333,0.181818181818182,0.285714285714286,0.210526315789474,0.865168539325843,0.846153846153846,0.846153846153846,0.865168539325843,0.855555555555556,0.855555555555556
0.9,0.4,0.3,0.5,0.375,0.416666666666667,0.333333333333333,0.454545454545455,0.893617021276596,0.906976744186046,0.91304347826087,0.886363636363636,0.903225806451613,0.896551724137931
0.85,0.6,0.666666666666667,0.5,0.666666666666667,0.5,0.666666666666667,0.5,0.827956989247312,0.873563218390805,0.875,0.826086956521739,0.850828729281768,0.849162011173184
0.866666666666667,0.4,0.833333333333333,0.214285714285714,0.3125,0.75,0.454545454545455,0.333333333333333,0.833333333333333,0.9,0.892857142857143,0.84375,0.862068965517241,0.870967741935484
0.888888888888889,0.3,0.307692307692308,0.285714285714286,0.444444444444444,0.181818181818182,0.363636363636364,0.222222222222222,0.858585858585859,0.925925925925926,0.934065934065934,0.842696629213483,0.894736842105263,0.882352941176471
0.844444444444444,0.45,0.375,0.5,0.333333333333333,0.545454545454545,0.352941176470588,0.521739130434783,0.824742268041237,0.867469879518072,0.879120879120879,0.808988764044944,0.851063829787234,0.837209302325581
0.861111111111111,0.6,0.75,0.5,0.5,0.75,0.6,0.6,0.831578947368421,0.894117647058824,0.897727272727273,0.826086956521739,0.863387978142076,0.858757062146893
0.783333333333333,0.55,0.461538461538462,0.714285714285714,0.75,0.416666666666667,0.571428571428571,0.526315789473684,0.791208791208791,0.775280898876405,0.782608695652174,0.784090909090909,0.786885245901639,0.779661016949153
0.872222222222222,0.6,0.7,0.5,0.583333333333333,0.625,0.636363636363636,0.555555555555556,0.835051546391753,0.91566265060241,0.920454545454545,0.826086956521739,0.875675675675676,0.868571428571429
0.861111111111111,0.5,0.222222222222222,0.727272727272727,0.4,0.533333333333333,0.285714285714286,0.615384615384615,0.857142857142857,0.865853658536585,0.884210526315789,0.835294117647059,0.870466321243523,0.850299401197605
