train_accuracy,test_accuracy,Precision_class1,Precision_class2,Recall_class1,Recall_class2,F1_class1,F1_class2,Precision_class1_train,Precision_class2_train,Recall_class1_train,Recall_class2_train,F1_class1_train,F1_class2_train
0.888888888888889,0.5,0.571428571428571,0.461538461538462,0.363636363636364,0.666666666666667,0.444444444444444,0.545454545454546,0.905882352941176,0.873684210526316,0.865168539325843,0.912087912087912,0.885057471264368,0.89247311827957
0.9,0.5,0.4375,0.75,0.875,0.25,0.583333333333333,0.375,0.893617021276596,0.906976744186046,0.91304347826087,0.886363636363636,0.903225806451613,0.896551724137931
0.883333333333333,0.2,0.1,0.3,0.125,0.25,0.111111111111111,0.272727272727273,0.89010989010989,0.876404494382023,0.880434782608696,0.886363636363636,0.885245901639344,0.88135593220339
0.883333333333333,0.4,0.416666666666667,0.375,0.5,0.3,0.454545454545455,0.333333333333333,0.887640449438202,0.879120879120879,0.877777777777778,0.888888888888889,0.88268156424581,0.883977900552486
0.872222222222222,0.7,1,0.5,0.571428571428571,1,0.727272727272727,0.666666666666667,0.879518072289157,0.865979381443299,0.848837209302326,0.893617021276596,0.863905325443787,0.879581151832461
0.888888888888889,0.3,0.230769230769231,0.428571428571429,0.428571428571429,0.230769230769231,0.3,0.3,0.89247311827957,0.885057471264368,0.89247311827957,0.885057471264368,0.89247311827957,0.885057471264368
0.877777777777778,0.4,0.5,0.3,0.416666666666667,0.375,0.454545454545455,0.333333333333333,0.883720930232558,0.872340425531915,0.863636363636364,0.891304347826087,0.873563218390805,0.881720430107527
0.833333333333333,0.45,0.5,0.4,0.454545454545455,0.444444444444444,0.476190476190476,0.421052631578947,0.824175824175824,0.842696629213483,0.842696629213483,0.824175824175824,0.833333333333333,0.833333333333333
0.85,0.45,0.454545454545455,0.444444444444444,0.5,0.4,0.476190476190476,0.421052631578947,0.838709677419355,0.862068965517241,0.866666666666667,0.833333333333333,0.852459016393443,0.847457627118644
0.877777777777778,0.4,0.333333333333333,0.454545454545455,0.333333333333333,0.454545454545455,0.333333333333333,0.454545454545455,0.855670103092783,0.903614457831325,0.912087912087912,0.842696629213483,0.882978723404255,0.872093023255814
