train_accuracy,test_accuracy,Precision_class1,Precision_class2,Recall_class1,Recall_class2,F1_class1,F1_class2,Precision_class1_train,Precision_class2_train,Recall_class1_train,Recall_class2_train,F1_class1_train,F1_class2_train
0.583333333333333,0.45,0.4,0.466666666666667,0.2,0.7,0.266666666666667,0.56,0.627118644067797,0.56198347107438,0.411111111111111,0.755555555555556,0.496644295302013,0.644549763033175
0.538888888888889,0.55,0.538461538461538,0.571428571428571,0.7,0.4,0.608695652173913,0.470588235294118,0.525925925925926,0.577777777777778,0.788888888888889,0.288888888888889,0.631111111111111,0.385185185185185
0.572222222222222,0.45,0.461538461538462,0.428571428571429,0.6,0.3,0.521739130434783,0.352941176470588,0.559633027522936,0.591549295774648,0.677777777777778,0.466666666666667,0.613065326633166,0.521739130434783
0.511111111111111,0.65,0.714285714285714,0.615384615384615,0.5,0.8,0.588235294117647,0.695652173913043,0.522727272727273,0.507352941176471,0.255555555555556,0.766666666666667,0.343283582089552,0.610619469026549
0.577777777777778,0.4,0.333333333333333,0.428571428571429,0.2,0.6,0.25,0.5,0.581395348837209,0.574468085106383,0.555555555555556,0.6,0.568181818181818,0.58695652173913
0.527777777777778,0.45,0.470588235294118,0.333333333333333,0.8,0.1,0.592592592592593,0.153846153846154,0.517730496453901,0.564102564102564,0.811111111111111,0.244444444444444,0.632034632034632,0.341085271317829
0.566666666666667,0.35,0.285714285714286,0.384615384615385,0.2,0.5,0.235294117647059,0.434782608695652,0.585714285714286,0.554545454545455,0.455555555555556,0.677777777777778,0.5125,0.61
0.516666666666667,0.45,0.333333333333333,0.470588235294118,0.1,0.8,0.153846153846154,0.592592592592593,0.666666666666667,0.508771929824561,0.0666666666666667,0.966666666666667,0.121212121212121,0.666666666666667
0.455555555555556,0.4,0.375,0.416666666666667,0.3,0.5,0.333333333333333,0.454545454545455,0.459183673469388,0.451219512195122,0.5,0.411111111111111,0.478723404255319,0.430232558139535
0.533333333333333,0.5,0.5,0.5,0.4,0.6,0.444444444444444,0.545454545454545,0.565217391304348,0.522388059701492,0.288888888888889,0.777777777777778,0.382352941176471,0.625
