train_accuracy,test_accuracy,Precision_class1,Precision_class2,Recall_class1,Recall_class2,F1_class1,F1_class2,Precision_class1_train,Precision_class2_train,Recall_class1_train,Recall_class2_train,F1_class1_train,F1_class2_train
0.555555555555556,0.35,0.333333333333333,0.363636363636364,0.3,0.4,0.315789473684211,0.380952380952381,0.586206896551724,0.540983606557377,0.377777777777778,0.733333333333333,0.459459459459459,0.622641509433962
0.533333333333333,0.55,0.545454545454545,0.555555555555556,0.6,0.5,0.571428571428571,0.526315789473684,0.533333333333333,0.533333333333333,0.533333333333333,0.533333333333333,0.533333333333333,0.533333333333333
0.55,0.4,0.428571428571429,0.333333333333333,0.6,0.2,0.5,0.25,0.539823008849557,0.567164179104478,0.677777777777778,0.422222222222222,0.600985221674877,0.484076433121019
0.511111111111111,0.45,0,0.473684210526316,0,0.9,0,0.620689655172414,0.6,0.505882352941176,0.0666666666666667,0.955555555555556,0.12,0.661538461538461
0.55,0.55,0.6,0.533333333333333,0.3,0.8,0.4,0.64,0.573770491803279,0.53781512605042,0.388888888888889,0.711111111111111,0.463576158940397,0.61244019138756
0.544444444444444,0.4,0.375,0.416666666666667,0.3,0.5,0.333333333333333,0.454545454545455,0.551282051282051,0.53921568627451,0.477777777777778,0.611111111111111,0.511904761904762,0.572916666666667
0.522222222222222,0.55,1,0.526315789473684,0.1,1,0.181818181818182,0.689655172413793,0.833333333333333,0.511494252873563,0.0555555555555556,0.988888888888889,0.104166666666667,0.674242424242424
0.572222222222222,0.5,0.5,0.5,0.3,0.7,0.375,0.583333333333333,0.594202898550725,0.558558558558559,0.455555555555556,0.688888888888889,0.515723270440252,0.616915422885572
0.6,0.4,0.4,0.4,0.4,0.4,0.4,0.4,0.583333333333333,0.625,0.7,0.5,0.636363636363636,0.555555555555556
0.55,0.5,0.5,0.5,0.6,0.4,0.545454545454545,0.444444444444444,0.538461538461538,0.571428571428571,0.7,0.4,0.608695652173913,0.470588235294118
