train_accuracy,test_accuracy,Precision_class1,Precision_class2,Recall_class1,Recall_class2,F1_class1,F1_class2,Precision_class1_train,Precision_class2_train,Recall_class1_train,Recall_class2_train,F1_class1_train,F1_class2_train
0.627777777777778,0.4,0.428571428571429,0.333333333333333,0.6,0.2,0.5,0.25,0.590551181102362,0.716981132075472,0.833333333333333,0.422222222222222,0.691244239631336,0.531468531468531
0.55,0.5,0.5,0.5,0.8,0.2,0.615384615384615,0.285714285714286,0.530612244897959,0.636363636363636,0.866666666666667,0.233333333333333,0.658227848101266,0.341463414634146
0.561111111111111,0.65,0.588235294117647,1,1,0.3,0.740740740740741,0.461538461538462,0.533333333333333,0.866666666666667,0.977777777777778,0.144444444444444,0.690196078431373,0.247619047619048
0.6,0.5,0.5,0.5,0.8,0.2,0.615384615384615,0.285714285714286,0.568181818181818,0.6875,0.833333333333333,0.366666666666667,0.675675675675676,0.478260869565217
0.622222222222222,0.35,0.384615384615385,0.285714285714286,0.5,0.2,0.434782608695652,0.235294117647059,0.601851851851852,0.652777777777778,0.722222222222222,0.522222222222222,0.656565656565657,0.580246913580247
0.588888888888889,0.4,0.375,0.416666666666667,0.3,0.5,0.333333333333333,0.454545454545455,0.602564102564103,0.57843137254902,0.522222222222222,0.655555555555556,0.55952380952381,0.614583333333333
0.616666666666667,0.55,0.555555555555556,0.545454545454545,0.5,0.6,0.526315789473684,0.571428571428571,0.586776859504132,0.677966101694915,0.788888888888889,0.444444444444444,0.672985781990521,0.536912751677852
0.627777777777778,0.65,0.6,0.8,0.9,0.4,0.72,0.533333333333333,0.57516339869281,0.925925925925926,0.977777777777778,0.277777777777778,0.724279835390947,0.427350427350427
0.55,0.2,0,0.285714285714286,0,0.4,0,0.333333333333333,0.563380281690141,0.541284403669725,0.444444444444444,0.655555555555556,0.496894409937888,0.592964824120603
0.533333333333333,0.5,0.5,0,1,0,0.666666666666667,0,0.517647058823529,0.8,0.977777777777778,0.0888888888888889,0.676923076923077,0.16
