train_accuracy,test_accuracy,Precision_class1,Precision_class2,Recall_class1,Recall_class2,F1_class1,F1_class2,Precision_class1_train,Precision_class2_train,Recall_class1_train,Recall_class2_train,F1_class1_train,F1_class2_train
0.9,0.3,0.4,0.2,0.333333333333333,0.25,0.363636363636364,0.222222222222222,0.916666666666667,0.885416666666667,0.875,0.923913043478261,0.895348837209302,0.904255319148936
0.9,0.6,0.545454545454545,0.666666666666667,0.666666666666667,0.545454545454545,0.6,0.6,0.929411764705882,0.873684210526316,0.868131868131868,0.932584269662921,0.897727272727273,0.902173913043478
0.916666666666667,0.6,0.818181818181818,0.333333333333333,0.6,0.6,0.692307692307692,0.428571428571429,0.916666666666667,0.916666666666667,0.905882352941176,0.926315789473684,0.911242603550296,0.921465968586387
0.916666666666667,0.45,1,0.352941176470588,0.214285714285714,1,0.352941176470588,0.521739130434783,0.89010989010989,0.943820224719101,0.941860465116279,0.893617021276596,0.915254237288136,0.918032786885246
0.888888888888889,0.5,0.538461538461538,0.428571428571429,0.636363636363636,0.333333333333333,0.583333333333333,0.375,0.855670103092783,0.927710843373494,0.932584269662921,0.846153846153846,0.89247311827957,0.885057471264368
0.888888888888889,0.55,0.5,0.6,0.555555555555556,0.545454545454545,0.526315789473684,0.571428571428571,0.898876404494382,0.879120879120879,0.879120879120879,0.898876404494382,0.888888888888889,0.888888888888889
0.894444444444444,0.5,0.384615384615385,0.714285714285714,0.714285714285714,0.384615384615385,0.5,0.5,0.893617021276596,0.895348837209302,0.903225806451613,0.885057471264368,0.898395721925134,0.890173410404624
0.894444444444444,0.65,0.5,0.875,0.857142857142857,0.538461538461538,0.631578947368421,0.666666666666667,0.920454545454545,0.869565217391304,0.870967741935484,0.919540229885057,0.895027624309392,0.893854748603352
0.861111111111111,0.7,0.714285714285714,0.692307692307692,0.555555555555556,0.818181818181818,0.625,0.75,0.866666666666667,0.855555555555556,0.857142857142857,0.865168539325843,0.861878453038674,0.860335195530726
0.888888888888889,0.6,0.454545454545455,0.777777777777778,0.714285714285714,0.538461538461538,0.555555555555556,0.636363636363636,0.89247311827957,0.885057471264368,0.89247311827957,0.885057471264368,0.89247311827957,0.885057471264368
