train_accuracy,test_accuracy,Precision_class1,Precision_class2,Recall_class1,Recall_class2,F1_class1,F1_class2,Precision_class1_train,Precision_class2_train,Recall_class1_train,Recall_class2_train,F1_class1_train,F1_class2_train
0.927777777777778,0.55,0.642857142857143,0.333333333333333,0.692307692307692,0.285714285714286,0.666666666666667,0.307692307692308,0.911111111111111,0.944444444444444,0.942528735632184,0.913978494623656,0.926553672316384,0.92896174863388
0.877777777777778,0.5,0.3,0.7,0.5,0.5,0.375,0.583333333333333,0.875,0.880952380952381,0.893617021276596,0.86046511627907,0.884210526315789,0.870588235294118
0.894444444444444,0.45,0.5,0.4,0.454545454545455,0.444444444444444,0.476190476190476,0.421052631578947,0.880434782608696,0.909090909090909,0.910112359550562,0.879120879120879,0.895027624309392,0.893854748603352
0.883333333333333,0.6,0.625,0.583333333333333,0.5,0.7,0.555555555555556,0.636363636363636,0.905882352941176,0.863157894736842,0.855555555555556,0.911111111111111,0.88,0.886486486486487
0.877777777777778,0.5,0.5,0.5,0.5,0.5,0.5,0.5,0.886363636363636,0.869565217391304,0.866666666666667,0.888888888888889,0.876404494382023,0.879120879120879
0.927777777777778,0.55,0.555555555555556,0.545454545454545,0.5,0.6,0.526315789473684,0.571428571428571,0.923076923076923,0.932584269662921,0.933333333333333,0.922222222222222,0.928176795580111,0.927374301675978
0.9,0.55,0.5,0.583333333333333,0.444444444444444,0.636363636363636,0.470588235294118,0.608695652173913,0.901098901098901,0.898876404494382,0.901098901098901,0.898876404494382,0.901098901098901,0.898876404494382
0.894444444444444,0.4,0.461538461538462,0.285714285714286,0.545454545454545,0.222222222222222,0.5,0.25,0.897727272727273,0.891304347826087,0.887640449438202,0.901098901098901,0.892655367231638,0.896174863387978
0.883333333333333,0.2,0.266666666666667,0,0.444444444444444,0,0.333333333333333,0,0.880434782608696,0.886363636363636,0.89010989010989,0.876404494382023,0.885245901639344,0.88135593220339
0.888888888888889,0.45,0.5,0.416666666666667,0.363636363636364,0.555555555555556,0.421052631578947,0.476190476190476,0.91566265060241,0.865979381443299,0.853932584269663,0.923076923076923,0.883720930232558,0.893617021276596
