train_accuracy,test_accuracy,Precision_class1,Precision_class2,Recall_class1,Recall_class2,F1_class1,F1_class2,Precision_class1_train,Precision_class2_train,Recall_class1_train,Recall_class2_train,F1_class1_train,F1_class2_train
0.855555555555556,0.4,0.375,0.416666666666667,0.3,0.5,0.333333333333333,0.454545454545455,0.855555555555556,0.855555555555556,0.855555555555556,0.855555555555556,0.855555555555556,0.855555555555556
0.872222222222222,0.35,0.4,0.2,0.6,0.1,0.48,0.133333333333333,0.868131868131868,0.876404494382023,0.877777777777778,0.866666666666667,0.87292817679558,0.871508379888268
0.85,0.5,0.714285714285714,0.384615384615385,0.384615384615385,0.714285714285714,0.5,0.5,0.848837209302326,0.851063829787234,0.839080459770115,0.860215053763441,0.84393063583815,0.855614973262032
0.883333333333333,0.45,0.4,0.5,0.444444444444444,0.454545454545455,0.421052631578947,0.476190476190476,0.888888888888889,0.877777777777778,0.879120879120879,0.887640449438202,0.883977900552486,0.88268156424581
0.805555555555556,0.35,0.3,0.4,0.333333333333333,0.363636363636364,0.315789473684211,0.380952380952381,0.825581395348837,0.787234042553192,0.78021978021978,0.831460674157303,0.80225988700565,0.808743169398907
0.844444444444444,0.4,0.25,0.5,0.25,0.5,0.25,0.5,0.863636363636364,0.826086956521739,0.826086956521739,0.863636363636364,0.844444444444444,0.844444444444444
0.85,0.45,0.454545454545455,0.444444444444444,0.5,0.4,0.476190476190476,0.421052631578947,0.846153846153846,0.853932584269663,0.855555555555556,0.844444444444444,0.850828729281768,0.849162011173184
0.827777777777778,0.35,0.444444444444444,0.272727272727273,0.333333333333333,0.375,0.380952380952381,0.315789473684211,0.835294117647059,0.821052631578947,0.806818181818182,0.847826086956522,0.820809248554913,0.834224598930481
0.85,0.4,0.5,0.357142857142857,0.25,0.625,0.333333333333333,0.454545454545455,0.850574712643678,0.849462365591398,0.840909090909091,0.858695652173913,0.845714285714286,0.854054054054054
0.827777777777778,0.45,0.3,0.6,0.428571428571429,0.461538461538462,0.352941176470588,0.521739130434783,0.822916666666667,0.833333333333333,0.849462365591398,0.804597701149425,0.835978835978836,0.818713450292398
