train_accuracy,test_accuracy,Precision_class1,Precision_class2,Recall_class1,Recall_class2,F1_class1,F1_class2,Precision_class1_train,Precision_class2_train,Recall_class1_train,Recall_class2_train,F1_class1_train,F1_class2_train
0.9,0.55,0.5,0.6,0.555555555555556,0.545454545454545,0.526315789473684,0.571428571428571,0.901098901098901,0.898876404494382,0.901098901098901,0.898876404494382,0.901098901098901,0.898876404494382
0.9,0.45,0.333333333333333,0.545454545454545,0.375,0.5,0.352941176470588,0.521739130434783,0.951219512195122,0.857142857142857,0.847826086956522,0.954545454545455,0.896551724137931,0.903225806451613
0.866666666666667,0.4,0.555555555555556,0.272727272727273,0.384615384615385,0.428571428571429,0.454545454545455,0.333333333333333,0.853932584269663,0.879120879120879,0.873563218390805,0.860215053763441,0.863636363636364,0.869565217391304
0.888888888888889,0.45,0.461538461538462,0.428571428571429,0.6,0.3,0.521739130434783,0.352941176470588,0.906976744186046,0.872340425531915,0.866666666666667,0.911111111111111,0.886363636363636,0.891304347826087
0.905555555555556,0.6,0.5,0.666666666666667,0.5,0.666666666666667,0.5,0.666666666666667,0.912087912087912,0.898876404494382,0.902173913043478,0.909090909090909,0.907103825136612,0.903954802259887
0.894444444444444,0.5,0.5,0.5,0.4,0.6,0.444444444444444,0.545454545454545,0.881720430107527,0.908045977011494,0.911111111111111,0.877777777777778,0.896174863387978,0.892655367231638
0.905555555555556,0.55,0.533333333333333,0.6,0.8,0.3,0.64,0.4,0.884210526315789,0.929411764705882,0.933333333333333,0.877777777777778,0.908108108108108,0.902857142857143
0.894444444444444,0.5,0.444444444444444,0.545454545454545,0.444444444444444,0.545454545454545,0.444444444444444,0.545454545454545,0.882978723404255,0.906976744186046,0.912087912087912,0.876404494382023,0.897297297297297,0.891428571428571
0.872222222222222,0.55,0.666666666666667,0.5,0.363636363636364,0.777777777777778,0.470588235294118,0.608695652173913,0.866666666666667,0.877777777777778,0.876404494382023,0.868131868131868,0.871508379888268,0.87292817679558
0.933333333333333,0.45,0.571428571428571,0.384615384615385,0.333333333333333,0.625,0.421052631578947,0.476190476190476,0.931818181818182,0.934782608695652,0.931818181818182,0.934782608695652,0.931818181818182,0.934782608695652
