train_accuracy,test_accuracy,Precision_class1,Precision_class2,Recall_class1,Recall_class2,F1_class1,F1_class2,Precision_class1_train,Precision_class2_train,Recall_class1_train,Recall_class2_train,F1_class1_train,F1_class2_train
0.955555555555556,0.75,0.714285714285714,0.769230769230769,0.625,0.833333333333333,0.666666666666667,0.8,0.966666666666667,0.944444444444444,0.945652173913043,0.965909090909091,0.956043956043956,0.955056179775281
0.938888888888889,0.65,1,0.533333333333333,0.416666666666667,1,0.588235294117647,0.695652173913044,0.963855421686747,0.917525773195876,0.909090909090909,0.967391304347826,0.935672514619883,0.941798941798942
0.972222222222222,0.85,0.909090909090909,0.777777777777778,0.833333333333333,0.875,0.869565217391304,0.823529411764706,0.977011494252874,0.967741935483871,0.965909090909091,0.978260869565217,0.971428571428571,0.972972972972973
0.977777777777778,0.9,0.777777777777778,1,1,0.846153846153846,0.875,0.916666666666667,0.989010989010989,0.966292134831461,0.967741935483871,0.988505747126437,0.978260869565217,0.977272727272727
0.966666666666667,0.85,0.818181818181818,0.888888888888889,0.9,0.8,0.857142857142857,0.842105263157895,0.988372093023256,0.946808510638298,0.944444444444444,0.988888888888889,0.965909090909091,0.967391304347826
0.983333333333333,0.9,0.909090909090909,0.888888888888889,0.909090909090909,0.888888888888889,0.909090909090909,0.888888888888889,0.977777777777778,0.988888888888889,0.98876404494382,0.978021978021978,0.983240223463687,0.983425414364641
0.972222222222222,0.85,0.769230769230769,1,1,0.7,0.869565217391304,0.823529411764706,0.967032967032967,0.97752808988764,0.977777777777778,0.966666666666667,0.972375690607735,0.972067039106145
0.983333333333333,0.7,0.625,0.75,0.625,0.75,0.625,0.75,0.989010989010989,0.97752808988764,0.978260869565217,0.988636363636364,0.983606557377049,0.983050847457627
0.95,0.95,1,0.909090909090909,0.9,1,0.947368421052632,0.952380952380952,0.945054945054945,0.955056179775281,0.955555555555556,0.944444444444444,0.950276243093923,0.949720670391061
0.966666666666667,0.85,0.909090909090909,0.777777777777778,0.833333333333333,0.875,0.869565217391304,0.823529411764706,0.965909090909091,0.967391304347826,0.965909090909091,0.967391304347826,0.965909090909091,0.967391304347826
