train_accuracy,test_accuracy,Precision_class1,Precision_class2,Recall_class1,Recall_class2,F1_class1,F1_class2,Precision_class1_train,Precision_class2_train,Recall_class1_train,Recall_class2_train,F1_class1_train,F1_class2_train
0.833333333333333,0.45,0.75,0.375,0.230769230769231,0.857142857142857,0.352941176470588,0.521739130434782,0.806451612903226,0.862068965517241,0.862068965517241,0.806451612903226,0.833333333333333,0.833333333333333
0.838888888888889,0.4,0.4,0.4,0.4,0.4,0.4,0.4,0.835164835164835,0.842696629213483,0.844444444444444,0.833333333333333,0.839779005524862,0.837988826815642
0.822222222222222,0.5,0.5,0.5,0.7,0.3,0.583333333333333,0.375,0.829545454545455,0.815217391304348,0.811111111111111,0.833333333333333,0.820224719101124,0.824175824175824
0.866666666666667,0.35,0.285714285714286,0.384615384615385,0.2,0.5,0.235294117647059,0.434782608695652,0.858695652173913,0.875,0.877777777777778,0.855555555555556,0.868131868131868,0.865168539325843
0.838888888888889,0.5,0.444444444444444,0.545454545454545,0.444444444444444,0.545454545454545,0.444444444444444,0.545454545454545,0.852272727272727,0.826086956521739,0.824175824175824,0.853932584269663,0.837988826815642,0.839779005524862
0.8,0.55,0.363636363636364,0.777777777777778,0.666666666666667,0.5,0.470588235294118,0.608695652173913,0.795918367346939,0.804878048780488,0.829787234042553,0.767441860465116,0.8125,0.785714285714286
0.833333333333333,0.55,0.416666666666667,0.75,0.714285714285714,0.461538461538462,0.526315789473684,0.571428571428571,0.831578947368421,0.835294117647059,0.849462365591398,0.816091954022989,0.840425531914894,0.825581395348837
0.816666666666667,0.6,0.615384615384615,0.571428571428571,0.727272727272727,0.444444444444444,0.666666666666667,0.5,0.85,0.79,0.764044943820225,0.868131868131868,0.804733727810651,0.827225130890052
0.872222222222222,0.4,0.5,0.3,0.416666666666667,0.375,0.454545454545455,0.333333333333333,0.882352941176471,0.863157894736842,0.852272727272727,0.891304347826087,0.867052023121387,0.877005347593583
0.816666666666667,0.45,0.545454545454545,0.333333333333333,0.5,0.375,0.521739130434783,0.352941176470588,0.848101265822785,0.792079207920792,0.761363636363636,0.869565217391304,0.802395209580838,0.829015544041451
