train_accuracy,test_accuracy,Precision_class1,Precision_class2,Recall_class1,Recall_class2,F1_class1,F1_class2,Precision_class1_train,Precision_class2_train,Recall_class1_train,Recall_class2_train,F1_class1_train,F1_class2_train
0.827777777777778,0.55,0.6,0.5,0.545454545454545,0.555555555555556,0.571428571428571,0.526315789473684,0.871794871794872,0.794117647058823,0.764044943820225,0.89010989010989,0.81437125748503,0.839378238341969
0.877777777777778,0.5,0.25,0.666666666666667,0.333333333333333,0.571428571428571,0.285714285714286,0.615384615384615,0.891304347826087,0.863636363636364,0.872340425531915,0.883720930232558,0.881720430107527,0.873563218390805
0.861111111111111,0.6,0.5,0.666666666666667,0.5,0.666666666666667,0.5,0.666666666666667,0.868131868131868,0.853932584269663,0.858695652173913,0.863636363636364,0.863387978142077,0.858757062146893
0.883333333333333,0.55,0.636363636363636,0.444444444444444,0.583333333333333,0.5,0.608695652173913,0.470588235294118,0.885057471264368,0.881720430107527,0.875,0.891304347826087,0.88,0.886486486486486
0.844444444444444,0.4,0.333333333333333,0.428571428571429,0.2,0.6,0.25,0.5,0.852272727272727,0.83695652173913,0.833333333333333,0.855555555555556,0.842696629213483,0.846153846153846
0.838888888888889,0.65,0.545454545454545,0.777777777777778,0.75,0.583333333333333,0.631578947368421,0.666666666666667,0.831578947368421,0.847058823529412,0.858695652173913,0.818181818181818,0.844919786096257,0.832369942196532
0.816666666666667,0.5,0.4,0.533333333333333,0.222222222222222,0.727272727272727,0.285714285714286,0.615384615384615,0.871794871794872,0.774509803921569,0.747252747252747,0.887640449438202,0.804733727810651,0.827225130890052
0.861111111111111,0.5,0.571428571428571,0.333333333333333,0.666666666666667,0.25,0.615384615384615,0.285714285714286,0.853932584269663,0.868131868131868,0.863636363636364,0.858695652173913,0.858757062146893,0.863387978142077
0.838888888888889,0.65,0.692307692307692,0.571428571428571,0.75,0.5,0.72,0.533333333333333,0.824175824175824,0.853932584269663,0.852272727272727,0.826086956521739,0.837988826815642,0.839779005524862
0.855555555555556,0.4,0.5,0.3,0.416666666666667,0.375,0.454545454545455,0.333333333333333,0.86046511627907,0.851063829787234,0.840909090909091,0.869565217391304,0.850574712643678,0.860215053763441
