train_accuracy,test_accuracy,Precision_class1,Precision_class2,Recall_class1,Recall_class2,F1_class1,F1_class2,Precision_class1_train,Precision_class2_train,Recall_class1_train,Recall_class2_train,F1_class1_train,F1_class2_train
0.85,0.5,0.454545454545455,0.555555555555556,0.555555555555556,0.454545454545455,0.5,0.5,0.826530612244898,0.878048780487805,0.89010989010989,0.808988764044944,0.857142857142857,0.842105263157895
0.838888888888889,0.45,0.307692307692308,0.714285714285714,0.666666666666667,0.357142857142857,0.421052631578947,0.476190476190476,0.828282828282828,0.851851851851852,0.872340425531915,0.802325581395349,0.849740932642487,0.826347305389222
0.861111111111111,0.35,0.25,0.416666666666667,0.222222222222222,0.454545454545455,0.235294117647059,0.434782608695652,0.84375,0.880952380952381,0.89010989010989,0.831460674157303,0.866310160427808,0.855491329479769
0.877777777777778,0.3,0.333333333333333,0.272727272727273,0.272727272727273,0.333333333333333,0.3,0.3,0.868131868131868,0.887640449438202,0.887640449438202,0.868131868131868,0.877777777777778,0.877777777777778
0.866666666666667,0.65,0.666666666666667,0.625,0.727272727272727,0.555555555555556,0.695652173913043,0.588235294117647,0.849462365591398,0.885057471264368,0.887640449438202,0.846153846153846,0.868131868131868,0.865168539325843
0.883333333333333,0.55,0.777777777777778,0.363636363636364,0.5,0.666666666666667,0.608695652173913,0.470588235294118,0.857142857142857,0.910112359550562,0.906976744186046,0.861702127659574,0.88135593220339,0.885245901639344
0.866666666666667,0.55,0.461538461538462,0.714285714285714,0.75,0.416666666666667,0.571428571428571,0.526315789473684,0.904761904761905,0.833333333333333,0.826086956521739,0.909090909090909,0.863636363636364,0.869565217391304
0.816666666666667,0.6,0.571428571428571,0.615384615384615,0.444444444444444,0.727272727272727,0.5,0.666666666666667,0.845238095238095,0.791666666666667,0.78021978021978,0.853932584269663,0.811428571428571,0.821621621621622
0.85,0.6,0.666666666666667,0.545454545454545,0.545454545454545,0.666666666666667,0.6,0.6,0.829787234042553,0.872093023255814,0.876404494382023,0.824175824175824,0.852459016393443,0.847457627118644
0.85,0.5,0.583333333333333,0.375,0.583333333333333,0.375,0.583333333333333,0.375,0.858823529411765,0.842105263157895,0.829545454545455,0.869565217391304,0.84393063583815,0.855614973262032
