train_accuracy,test_accuracy,Precision_class1,Precision_class2,Recall_class1,Recall_class2,F1_class1,F1_class2,Precision_class1_train,Precision_class2_train,Recall_class1_train,Recall_class2_train,F1_class1_train,F1_class2_train
0.977777777777778,0.85,0.888888888888889,0.818181818181818,0.8,0.9,0.842105263157895,0.857142857142857,0.977777777777778,0.977777777777778,0.977777777777778,0.977777777777778,0.977777777777778,0.977777777777778
0.966666666666667,0.7,0.5,0.785714285714286,0.5,0.785714285714286,0.5,0.785714285714286,0.958333333333333,0.976190476190476,0.978723404255319,0.953488372093023,0.968421052631579,0.964705882352941
0.977777777777778,0.8,0.666666666666667,0.909090909090909,0.857142857142857,0.769230769230769,0.75,0.833333333333333,0.968421052631579,0.988235294117647,0.989247311827957,0.96551724137931,0.978723404255319,0.976744186046512
0.966666666666667,0.8,0.888888888888889,0.727272727272727,0.727272727272727,0.888888888888889,0.8,0.8,0.956043956043956,0.97752808988764,0.97752808988764,0.956043956043956,0.966666666666667,0.966666666666667
0.977777777777778,0.65,0.545454545454545,0.777777777777778,0.75,0.583333333333333,0.631578947368421,0.666666666666667,0.988888888888889,0.966666666666667,0.967391304347826,0.988636363636364,0.978021978021978,0.97752808988764
0.961111111111111,0.75,0.6875,1,1,0.444444444444444,0.814814814814815,0.615384615384615,0.976744186046512,0.946808510638298,0.943820224719101,0.978021978021978,0.96,0.962162162162162
0.972222222222222,0.85,0.916666666666667,0.75,0.846153846153846,0.857142857142857,0.88,0.8,0.988095238095238,0.958333333333333,0.954022988505747,0.989247311827957,0.970760233918129,0.973544973544973
0.961111111111111,0.75,0.769230769230769,0.714285714285714,0.833333333333333,0.625,0.8,0.666666666666667,0.96551724137931,0.956989247311828,0.954545454545455,0.967391304347826,0.96,0.962162162162162
0.944444444444444,0.85,0.909090909090909,0.777777777777778,0.833333333333333,0.875,0.869565217391304,0.823529411764706,0.953488372093023,0.936170212765957,0.931818181818182,0.956521739130435,0.942528735632184,0.946236559139785
0.972222222222222,0.85,0.818181818181818,0.888888888888889,0.9,0.8,0.857142857142857,0.842105263157895,0.956989247311828,0.988505747126437,0.988888888888889,0.955555555555556,0.972677595628415,0.971751412429379
