train_accuracy,test_accuracy,Precision_class1,Precision_class2,Recall_class1,Recall_class2,F1_class1,F1_class2,Precision_class1_train,Precision_class2_train,Recall_class1_train,Recall_class2_train,F1_class1_train,F1_class2_train
0.811111111111111,0.75,0.727272727272727,0.777777777777778,0.8,0.7,0.761904761904762,0.736842105263158,0.811111111111111,0.811111111111111,0.811111111111111,0.811111111111111,0.811111111111111,0.811111111111111
0.844444444444444,0.6,0.692307692307692,0.428571428571429,0.692307692307692,0.428571428571429,0.692307692307692,0.428571428571429,0.855421686746988,0.835051546391753,0.816091954022989,0.870967741935484,0.835294117647059,0.852631578947368
0.85,0.7,0.545454545454545,0.888888888888889,0.857142857142857,0.615384615384615,0.666666666666667,0.727272727272727,0.883720930232558,0.819148936170213,0.817204301075269,0.885057471264368,0.849162011173184,0.850828729281768
0.872222222222222,0.9,1,0.857142857142857,0.75,1,0.857142857142857,0.923076923076923,0.870967741935484,0.873563218390805,0.880434782608696,0.863636363636364,0.875675675675676,0.868571428571429
0.844444444444444,0.75,0.818181818181818,0.666666666666667,0.75,0.75,0.782608695652174,0.705882352941177,0.848837209302326,0.840425531914894,0.829545454545455,0.858695652173913,0.839080459770115,0.849462365591398
0.85,0.65,0.636363636363636,0.666666666666667,0.7,0.6,0.666666666666667,0.631578947368421,0.862068965517241,0.838709677419355,0.833333333333333,0.866666666666667,0.847457627118644,0.852459016393443
0.855555555555556,0.75,0.666666666666667,0.785714285714286,0.571428571428571,0.846153846153846,0.615384615384615,0.814814814814815,0.885057471264368,0.827956989247312,0.827956989247312,0.885057471264368,0.855555555555556,0.855555555555556
0.827777777777778,0.5,0.5,0.5,0.7,0.3,0.583333333333333,0.375,0.847058823529412,0.810526315789474,0.8,0.855555555555556,0.822857142857143,0.832432432432432
0.822222222222222,0.8,0.857142857142857,0.769230769230769,0.666666666666667,0.909090909090909,0.75,0.833333333333333,0.839080459770115,0.806451612903226,0.802197802197802,0.842696629213483,0.820224719101124,0.824175824175824
0.883333333333333,0.8,0.857142857142857,0.666666666666667,0.857142857142857,0.666666666666667,0.857142857142857,0.666666666666667,0.873563218390805,0.89247311827957,0.883720930232558,0.882978723404255,0.878612716763006,0.887700534759358
