train_accuracy,test_accuracy,Precision_class1,Precision_class2,Recall_class1,Recall_class2,F1_class1,F1_class2,Precision_class1_train,Precision_class2_train,Recall_class1_train,Recall_class2_train,F1_class1_train,F1_class2_train
0.761111111111111,0.55,0.571428571428571,0.538461538461538,0.4,0.7,0.470588235294118,0.608695652173913,0.758241758241758,0.764044943820225,0.766666666666667,0.755555555555556,0.762430939226519,0.759776536312849
0.755555555555556,0.3,0.333333333333333,0.272727272727273,0.272727272727273,0.333333333333333,0.3,0.3,0.752808988764045,0.758241758241758,0.752808988764045,0.758241758241758,0.752808988764045,0.758241758241758
0.75,0.55,0.571428571428571,0.538461538461538,0.4,0.7,0.470588235294118,0.608695652173913,0.752808988764045,0.747252747252747,0.744444444444444,0.755555555555556,0.748603351955307,0.751381215469613
0.744444444444444,0.4,0.571428571428571,0.307692307692308,0.307692307692308,0.571428571428571,0.4,0.4,0.725274725274725,0.764044943820225,0.758620689655172,0.731182795698925,0.741573033707865,0.747252747252747
0.794444444444444,0.45,0.333333333333333,0.545454545454545,0.375,0.5,0.352941176470588,0.521739130434783,0.766990291262136,0.831168831168831,0.858695652173913,0.727272727272727,0.81025641025641,0.775757575757576
0.772222222222222,0.5,0.461538461538462,0.571428571428571,0.666666666666667,0.363636363636364,0.545454545454546,0.444444444444444,0.760416666666667,0.785714285714286,0.802197802197802,0.741573033707865,0.780748663101604,0.763005780346821
0.783333333333333,0.5,0.5,0.5,0.6,0.4,0.545454545454545,0.444444444444444,0.8,0.768421052631579,0.755555555555556,0.811111111111111,0.777142857142857,0.789189189189189
0.727777777777778,0.4,0.461538461538462,0.285714285714286,0.545454545454545,0.222222222222222,0.5,0.25,0.717391304347826,0.738636363636364,0.741573033707865,0.714285714285714,0.729281767955801,0.726256983240223
0.761111111111111,0.65,0.666666666666667,0.642857142857143,0.444444444444444,0.818181818181818,0.533333333333333,0.72,0.744897959183674,0.780487804878049,0.802197802197802,0.719101123595506,0.772486772486773,0.748538011695907
0.755555555555556,0.4,0.363636363636364,0.444444444444444,0.444444444444444,0.363636363636364,0.4,0.4,0.758241758241758,0.752808988764045,0.758241758241758,0.752808988764045,0.758241758241758,0.752808988764045
