train_accuracy,test_accuracy,Precision_class1,Precision_class2,Recall_class1,Recall_class2,F1_class1,F1_class2,Precision_class1_train,Precision_class2_train,Recall_class1_train,Recall_class2_train,F1_class1_train,F1_class2_train
0.833333333333333,0.55,0.5625,0.5,0.818181818181818,0.222222222222222,0.666666666666667,0.307692307692308,0.824175824175824,0.842696629213483,0.842696629213483,0.824175824175824,0.833333333333333,0.833333333333333
0.844444444444444,0.55,0.666666666666667,0.5,0.363636363636364,0.777777777777778,0.470588235294118,0.608695652173913,0.821052631578947,0.870588235294118,0.876404494382023,0.813186813186813,0.847826086956522,0.840909090909091
0.866666666666667,0.5,0.555555555555556,0.454545454545455,0.454545454545455,0.555555555555556,0.5,0.5,0.857142857142857,0.876404494382023,0.876404494382023,0.857142857142857,0.866666666666667,0.866666666666667
0.838888888888889,0.5,0.666666666666667,0.428571428571429,0.333333333333333,0.75,0.444444444444444,0.545454545454545,0.847058823529412,0.831578947368421,0.818181818181818,0.858695652173913,0.832369942196532,0.844919786096257
0.9,0.55,0.727272727272727,0.333333333333333,0.571428571428571,0.5,0.64,0.4,0.904761904761905,0.895833333333333,0.883720930232558,0.914893617021277,0.894117647058824,0.905263157894737
0.827777777777778,0.55,0.5,0.625,0.666666666666667,0.454545454545455,0.571428571428572,0.526315789473684,0.8125,0.845238095238095,0.857142857142857,0.797752808988764,0.834224598930481,0.820809248554913
0.861111111111111,0.25,0.266666666666667,0.2,0.5,0.0833333333333333,0.347826086956522,0.117647058823529,0.860215053763441,0.862068965517241,0.869565217391304,0.852272727272727,0.864864864864865,0.857142857142857
0.866666666666667,0.55,0.5,0.6,0.555555555555556,0.545454545454545,0.526315789473684,0.571428571428571,0.876404494382023,0.857142857142857,0.857142857142857,0.876404494382023,0.866666666666667,0.866666666666667
0.838888888888889,0.55,0.416666666666667,0.75,0.714285714285714,0.461538461538462,0.526315789473684,0.571428571428571,0.826530612244898,0.853658536585366,0.870967741935484,0.804597701149425,0.848167539267016,0.828402366863905
0.888888888888889,0.65,0.555555555555556,0.727272727272727,0.625,0.666666666666667,0.588235294117647,0.695652173913043,0.918604651162791,0.861702127659574,0.858695652173913,0.920454545454545,0.887640449438202,0.89010989010989
