train_accuracy,test_accuracy,Precision_class1,Precision_class2,Recall_class1,Recall_class2,F1_class1,F1_class2,Precision_class1_train,Precision_class2_train,Recall_class1_train,Recall_class2_train,F1_class1_train,F1_class2_train
0.75,0.541666666666667,0.714285714285714,0.470588235294118,0.357142857142857,0.8,0.476190476190476,0.592592592592593,0.736363636363636,0.764150943396226,0.764150943396226,0.736363636363636,0.75,0.75
0.689814814814815,0.625,0.636363636363636,0.615384615384615,0.583333333333333,0.666666666666667,0.608695652173913,0.64,0.688073394495413,0.691588785046729,0.694444444444444,0.685185185185185,0.691244239631336,0.688372093023256
0.726851851851852,0.416666666666667,0.5,0.357142857142857,0.357142857142857,0.5,0.416666666666667,0.416666666666667,0.742268041237113,0.714285714285714,0.679245283018868,0.772727272727273,0.70935960591133,0.74235807860262
0.699074074074074,0.25,0.384615384615385,0.0909090909090909,0.333333333333333,0.111111111111111,0.357142857142857,0.1,0.685185185185185,0.712962962962963,0.704761904761905,0.693693693693694,0.694835680751174,0.703196347031964
0.694444444444444,0.5,0.545454545454545,0.461538461538462,0.461538461538462,0.545454545454545,0.5,0.5,0.691588785046729,0.697247706422018,0.691588785046729,0.697247706422018,0.691588785046729,0.697247706422018
0.699074074074074,0.5,0.384615384615385,0.636363636363636,0.555555555555556,0.466666666666667,0.454545454545455,0.538461538461539,0.73,0.672413793103448,0.657657657657658,0.742857142857143,0.691943127962085,0.705882352941176
0.717592592592593,0.458333333333333,0.363636363636364,0.538461538461538,0.4,0.5,0.380952380952381,0.518518518518519,0.737864077669903,0.699115044247788,0.690909090909091,0.745283018867924,0.713615023474178,0.721461187214612
0.726851851851852,0.5,0.5,0.5,0.583333333333333,0.416666666666667,0.538461538461538,0.454545454545455,0.752577319587629,0.705882352941177,0.675925925925926,0.777777777777778,0.712195121951219,0.740088105726872
0.708333333333333,0.5,0.6,0.428571428571429,0.428571428571429,0.6,0.5,0.5,0.704761904761905,0.711711711711712,0.69811320754717,0.718181818181818,0.701421800947867,0.714932126696832
0.736111111111111,0.25,0.0769230769230769,0.454545454545455,0.142857142857143,0.294117647058824,0.1,0.357142857142857,0.745614035087719,0.725490196078431,0.752212389380531,0.718446601941748,0.748898678414097,0.721951219512195
