train_accuracy,test_accuracy,Precision_class1,Precision_class2,Recall_class1,Recall_class2,F1_class1,F1_class2,Precision_class1_train,Precision_class2_train,Recall_class1_train,Recall_class2_train,F1_class1_train,F1_class2_train
0.761111111111111,0.55,0.461538461538462,0.714285714285714,0.75,0.416666666666667,0.571428571428571,0.526315789473684,0.788235294117647,0.736842105263158,0.728260869565217,0.795454545454545,0.757062146892655,0.765027322404371
0.811111111111111,0.65,0.666666666666667,0.636363636363636,0.6,0.7,0.631578947368421,0.666666666666667,0.825581395348837,0.797872340425532,0.788888888888889,0.833333333333333,0.806818181818182,0.815217391304348
0.761111111111111,0.5,0.428571428571429,0.538461538461538,0.333333333333333,0.636363636363636,0.375,0.583333333333333,0.75531914893617,0.767441860465116,0.78021978021978,0.741573033707865,0.767567567567568,0.754285714285714
0.761111111111111,0.45,0.5,0.4,0.454545454545455,0.444444444444444,0.476190476190476,0.421052631578947,0.739583333333333,0.785714285714286,0.797752808988764,0.725274725274725,0.767567567567567,0.754285714285714
0.722222222222222,0.4,0.307692307692308,0.571428571428571,0.571428571428571,0.307692307692308,0.4,0.4,0.731182795698925,0.71264367816092,0.731182795698925,0.71264367816092,0.731182795698925,0.71264367816092
0.8,0.4,0.454545454545455,0.333333333333333,0.454545454545455,0.333333333333333,0.454545454545455,0.333333333333333,0.78494623655914,0.816091954022989,0.820224719101124,0.78021978021978,0.802197802197802,0.797752808988764
0.738888888888889,0.45,0.428571428571429,0.5,0.666666666666667,0.272727272727273,0.521739130434783,0.352941176470588,0.739130434782609,0.738636363636364,0.747252747252747,0.730337078651685,0.743169398907104,0.734463276836158
0.788888888888889,0.35,0.461538461538462,0.142857142857143,0.5,0.125,0.48,0.133333333333333,0.797619047619048,0.78125,0.761363636363636,0.815217391304348,0.779069767441861,0.797872340425532
0.783333333333333,0.25,0.363636363636364,0.111111111111111,0.333333333333333,0.125,0.347826086956522,0.117647058823529,0.795180722891566,0.77319587628866,0.75,0.815217391304348,0.771929824561403,0.793650793650794
0.777777777777778,0.5,0.538461538461538,0.428571428571429,0.636363636363636,0.333333333333333,0.583333333333333,0.375,0.769230769230769,0.786516853932584,0.786516853932584,0.769230769230769,0.777777777777778,0.777777777777778
