train_accuracy,test_accuracy,Precision_class1,Precision_class2,Recall_class1,Recall_class2,F1_class1,F1_class2,Precision_class1_train,Precision_class2_train,Recall_class1_train,Recall_class2_train,F1_class1_train,F1_class2_train
0.788888888888889,0.55,0.444444444444444,0.636363636363636,0.5,0.583333333333333,0.470588235294118,0.608695652173913,0.787234042553192,0.790697674418605,0.804347826086957,0.772727272727273,0.795698924731183,0.781609195402299
0.805555555555556,0.6,0.6,0.6,0.6,0.6,0.6,0.6,0.816091954022989,0.795698924731183,0.788888888888889,0.822222222222222,0.80225988700565,0.808743169398907
0.827777777777778,0.45,0.75,0.25,0.4,0.6,0.521739130434783,0.352941176470588,0.846153846153846,0.813725490196078,0.776470588235294,0.873684210526316,0.809815950920245,0.84263959390863
0.777777777777778,0.45,0.3,0.6,0.428571428571429,0.461538461538462,0.352941176470588,0.521739130434783,0.752380952380952,0.813333333333333,0.849462365591398,0.701149425287356,0.797979797979798,0.753086419753086
0.816666666666667,0.65,0.75,0.5,0.692307692307692,0.571428571428571,0.72,0.533333333333333,0.821428571428571,0.8125,0.793103448275862,0.838709677419355,0.807017543859649,0.825396825396825
0.805555555555556,0.75,0.818181818181818,0.666666666666667,0.75,0.75,0.782608695652174,0.705882352941177,0.804597701149425,0.806451612903226,0.795454545454545,0.815217391304348,0.8,0.810810810810811
0.827777777777778,0.45,0.285714285714286,0.538461538461538,0.25,0.583333333333333,0.266666666666667,0.56,0.821052631578947,0.835294117647059,0.847826086956522,0.806818181818182,0.834224598930481,0.820809248554913
0.777777777777778,0.5,0.416666666666667,0.625,0.625,0.416666666666667,0.5,0.5,0.754901960784314,0.807692307692308,0.83695652173913,0.715909090909091,0.793814432989691,0.759036144578313
0.822222222222222,0.6,0.545454545454545,0.666666666666667,0.666666666666667,0.545454545454545,0.6,0.6,0.824175824175824,0.820224719101124,0.824175824175824,0.820224719101124,0.824175824175824,0.820224719101124
0.777777777777778,0.45,0.444444444444444,0.454545454545455,0.4,0.5,0.421052631578947,0.476190476190476,0.790697674418605,0.765957446808511,0.755555555555556,0.8,0.772727272727273,0.782608695652174
