train_accuracy,test_accuracy,Precision_class1,Precision_class2,Recall_class1,Recall_class2,F1_class1,F1_class2,Precision_class1_train,Precision_class2_train,Recall_class1_train,Recall_class2_train,F1_class1_train,F1_class2_train
0.872222222222222,0.55,0.375,0.666666666666667,0.428571428571429,0.615384615384615,0.4,0.64,0.916666666666667,0.833333333333333,0.827956989247312,0.919540229885057,0.870056497175141,0.87431693989071
0.872222222222222,0.7,0.75,0.625,0.75,0.625,0.75,0.625,0.882352941176471,0.863157894736842,0.852272727272727,0.891304347826087,0.867052023121387,0.877005347593583
0.888888888888889,0.4,0.5,0.333333333333333,0.333333333333333,0.5,0.4,0.4,0.935897435897436,0.852941176470588,0.829545454545455,0.945652173913043,0.879518072289157,0.896907216494845
0.866666666666667,0.55,0.555555555555556,0.545454545454545,0.5,0.6,0.526315789473684,0.571428571428571,0.892857142857143,0.84375,0.833333333333333,0.9,0.862068965517241,0.870967741935484
0.838888888888889,0.6,0.615384615384615,0.571428571428571,0.727272727272727,0.444444444444444,0.666666666666667,0.5,0.884615384615385,0.803921568627451,0.775280898876405,0.901098901098901,0.826347305389222,0.849740932642487
0.877777777777778,0.6,0.3,0.9,0.75,0.5625,0.428571428571428,0.692307692307692,0.893617021276596,0.86046511627907,0.875,0.880952380952381,0.884210526315789,0.870588235294118
0.894444444444444,0.65,0.666666666666667,0.636363636363636,0.6,0.7,0.631578947368421,0.666666666666667,0.898876404494382,0.89010989010989,0.888888888888889,0.9,0.893854748603352,0.895027624309392
0.844444444444444,0.75,0.923076923076923,0.428571428571429,0.75,0.75,0.827586206896552,0.545454545454545,0.858974358974359,0.833333333333333,0.797619047619048,0.885416666666667,0.827160493827161,0.858585858585859
0.866666666666667,0.4,0.285714285714286,0.461538461538462,0.222222222222222,0.545454545454545,0.25,0.5,0.876404494382023,0.857142857142857,0.857142857142857,0.876404494382023,0.866666666666667,0.866666666666667
0.861111111111111,0.75,0.75,0.75,0.666666666666667,0.818181818181818,0.705882352941177,0.782608695652174,0.883720930232558,0.840425531914894,0.835164835164835,0.887640449438202,0.858757062146893,0.863387978142077
