train_accuracy,test_accuracy,Precision_class1,Precision_class2,Recall_class1,Recall_class2,F1_class1,F1_class2,Precision_class1_train,Precision_class2_train,Recall_class1_train,Recall_class2_train,F1_class1_train,F1_class2_train
0.8,0.6,0.7,0.5,0.583333333333333,0.625,0.636363636363636,0.555555555555556,0.788888888888889,0.811111111111111,0.806818181818182,0.793478260869565,0.797752808988764,0.802197802197802
0.788888888888889,0.35,0.333333333333333,0.363636363636364,0.3,0.4,0.315789473684211,0.380952380952381,0.788888888888889,0.788888888888889,0.788888888888889,0.788888888888889,0.788888888888889,0.788888888888889
0.794444444444444,0.55,0.545454545454545,0.555555555555556,0.6,0.5,0.571428571428571,0.526315789473684,0.811764705882353,0.778947368421053,0.766666666666667,0.822222222222222,0.788571428571429,0.8
0.794444444444444,0.4,0.454545454545455,0.333333333333333,0.454545454545455,0.333333333333333,0.454545454545455,0.333333333333333,0.76530612244898,0.829268292682927,0.842696629213483,0.747252747252747,0.802139037433155,0.786127167630058
0.788888888888889,0.45,0.454545454545455,0.444444444444444,0.5,0.4,0.476190476190476,0.421052631578947,0.795454545454545,0.782608695652174,0.777777777777778,0.8,0.786516853932584,0.791208791208791
0.838888888888889,0.7,0.7,0.7,0.7,0.7,0.7,0.7,0.835164835164835,0.842696629213483,0.844444444444444,0.833333333333333,0.839779005524862,0.837988826815642
0.783333333333333,0.5,0.444444444444444,0.545454545454545,0.444444444444444,0.545454545454545,0.444444444444444,0.545454545454545,0.75,0.828947368421053,0.857142857142857,0.707865168539326,0.8,0.763636363636364
0.8,0.6,0.454545454545455,0.777777777777778,0.714285714285714,0.538461538461538,0.555555555555556,0.636363636363636,0.793814432989691,0.807228915662651,0.827956989247312,0.770114942528736,0.810526315789474,0.788235294117647
0.811111111111111,0.5,0.454545454545455,0.555555555555556,0.555555555555556,0.454545454545455,0.5,0.5,0.8,0.823529411764706,0.835164835164835,0.786516853932584,0.817204301075269,0.804597701149425
0.827777777777778,0.4,0.5,0.333333333333333,0.333333333333333,0.5,0.4,0.4,0.8,0.858823529411765,0.863636363636364,0.793478260869565,0.830601092896175,0.824858757062147
