train_accuracy,test_accuracy,Precision_class1,Precision_class2,Recall_class1,Recall_class2,F1_class1,F1_class2,Precision_class1_train,Precision_class2_train,Recall_class1_train,Recall_class2_train,F1_class1_train,F1_class2_train
0.816666666666667,0.35,0.3,0.4,0.333333333333333,0.363636363636364,0.315789473684211,0.380952380952381,0.837209302325581,0.797872340425532,0.791208791208791,0.842696629213483,0.813559322033898,0.819672131147541
0.827777777777778,0.6,0.75,0.5,0.5,0.75,0.6,0.6,0.843373493975904,0.814432989690722,0.795454545454545,0.858695652173913,0.818713450292398,0.835978835978836
0.822222222222222,0.7,0.5,0.9,0.833333333333333,0.642857142857143,0.625,0.75,0.829787234042553,0.813953488372093,0.829787234042553,0.813953488372093,0.829787234042553,0.813953488372093
0.827777777777778,0.45,0.5,0.375,0.545454545454545,0.333333333333333,0.521739130434783,0.352941176470588,0.815217391304348,0.840909090909091,0.842696629213483,0.813186813186813,0.828729281767956,0.8268156424581
0.8,0.5,0.538461538461538,0.428571428571429,0.636363636363636,0.333333333333333,0.583333333333333,0.375,0.78494623655914,0.816091954022989,0.820224719101124,0.78021978021978,0.802197802197802,0.797752808988764
0.805555555555556,0.65,0.666666666666667,0.625,0.727272727272727,0.555555555555556,0.695652173913043,0.588235294117647,0.813953488372093,0.797872340425532,0.786516853932584,0.824175824175824,0.8,0.810810810810811
0.827777777777778,0.5,0.545454545454545,0.444444444444444,0.545454545454545,0.444444444444444,0.545454545454545,0.444444444444444,0.853658536585366,0.806122448979592,0.786516853932584,0.868131868131868,0.818713450292398,0.835978835978836
0.822222222222222,0.65,0.7,0.6,0.636363636363636,0.666666666666667,0.666666666666667,0.631578947368421,0.835294117647059,0.810526315789474,0.797752808988764,0.846153846153846,0.816091954022988,0.827956989247312
0.844444444444444,0.55,0.555555555555556,0.545454545454545,0.5,0.6,0.526315789473684,0.571428571428571,0.86046511627907,0.829787234042553,0.822222222222222,0.866666666666667,0.840909090909091,0.847826086956522
0.833333333333333,0.55,0.428571428571429,0.615384615384615,0.375,0.666666666666667,0.4,0.64,0.844444444444444,0.822222222222222,0.826086956521739,0.840909090909091,0.835164835164835,0.831460674157303
