train_accuracy,test_accuracy,Precision_class1,Precision_class2,Recall_class1,Recall_class2,F1_class1,F1_class2,Precision_class1_train,Precision_class2_train,Recall_class1_train,Recall_class2_train,F1_class1_train,F1_class2_train
0.814814814814815,0.5,0.538461538461538,0.454545454545455,0.538461538461538,0.454545454545455,0.538461538461538,0.454545454545455,0.807339449541284,0.822429906542056,0.822429906542056,0.807339449541284,0.814814814814815,0.814814814814815
0.791666666666667,0.75,0.75,0.75,0.75,0.75,0.75,0.75,0.811881188118812,0.773913043478261,0.759259259259259,0.824074074074074,0.784688995215311,0.798206278026906
0.763888888888889,0.5,0.538461538461538,0.454545454545455,0.538461538461538,0.454545454545455,0.538461538461538,0.454545454545455,0.764150943396226,0.763636363636364,0.757009345794392,0.770642201834862,0.76056338028169,0.767123287671233
0.787037037037037,0.583333333333333,0.571428571428571,0.6,0.666666666666667,0.5,0.615384615384615,0.545454545454545,0.803921568627451,0.771929824561403,0.759259259259259,0.814814814814815,0.780952380952381,0.792792792792793
0.777777777777778,0.708333333333333,0.769230769230769,0.636363636363636,0.714285714285714,0.7,0.740740740740741,0.666666666666667,0.795918367346939,0.76271186440678,0.735849056603774,0.818181818181818,0.764705882352941,0.789473684210526
0.791666666666667,0.375,0.571428571428571,0.294117647058824,0.25,0.625,0.347826086956522,0.4,0.775700934579439,0.807339449541284,0.798076923076923,0.785714285714286,0.786729857819905,0.796380090497738
0.791666666666667,0.666666666666667,0.7,0.642857142857143,0.583333333333333,0.75,0.636363636363636,0.692307692307692,0.805825242718447,0.778761061946903,0.768518518518518,0.814814814814815,0.786729857819905,0.796380090497738
0.782407407407407,0.708333333333333,0.6,0.785714285714286,0.666666666666667,0.733333333333333,0.631578947368421,0.758620689655172,0.790909090909091,0.773584905660377,0.783783783783784,0.780952380952381,0.787330316742081,0.777251184834123
0.763888888888889,0.541666666666667,0.307692307692308,0.818181818181818,0.666666666666667,0.5,0.421052631578947,0.620689655172414,0.783783783783784,0.742857142857143,0.763157894736842,0.764705882352941,0.773333333333333,0.753623188405797
0.791666666666667,0.666666666666667,0.692307692307692,0.636363636363636,0.692307692307692,0.636363636363636,0.692307692307692,0.636363636363636,0.816326530612245,0.771186440677966,0.747663551401869,0.834862385321101,0.780487804878049,0.801762114537445
