train_accuracy,test_accuracy,Precision_class1,Precision_class2,Recall_class1,Recall_class2,F1_class1,F1_class2,Precision_class1_train,Precision_class2_train,Recall_class1_train,Recall_class2_train,F1_class1_train,F1_class2_train
0.8,0.4,0.5,0.166666666666667,0.583333333333333,0.125,0.538461538461538,0.142857142857143,0.770833333333333,0.833333333333333,0.840909090909091,0.760869565217391,0.804347826086957,0.795454545454546
0.744444444444444,0.5,0.5,0.5,0.6,0.4,0.545454545454545,0.444444444444444,0.755813953488372,0.734042553191489,0.722222222222222,0.766666666666667,0.738636363636364,0.75
0.772222222222222,0.5,0.5,0.5,0.5,0.5,0.5,0.5,0.769230769230769,0.775280898876405,0.777777777777778,0.766666666666667,0.773480662983426,0.770949720670391
0.816666666666667,0.5,0.5,0.5,0.5,0.5,0.5,0.5,0.8,0.835294117647059,0.844444444444444,0.788888888888889,0.821621621621622,0.811428571428571
0.8,0.45,0.5,0.416666666666667,0.363636363636364,0.555555555555556,0.421052631578947,0.476190476190476,0.78494623655914,0.816091954022989,0.820224719101124,0.78021978021978,0.802197802197802,0.797752808988764
0.805555555555556,0.45,0.5,0.4,0.454545454545455,0.444444444444444,0.476190476190476,0.421052631578947,0.8,0.811111111111111,0.808988764044944,0.802197802197802,0.804469273743017,0.806629834254144
0.816666666666667,0.4,0.4,0.4,0.181818181818182,0.666666666666667,0.25,0.5,0.811111111111111,0.822222222222222,0.820224719101124,0.813186813186813,0.815642458100559,0.81767955801105
0.805555555555556,0.35,0.307692307692308,0.428571428571429,0.5,0.25,0.380952380952381,0.315789473684211,0.787878787878788,0.827160493827161,0.847826086956522,0.761363636363636,0.816753926701571,0.792899408284024
0.827777777777778,0.5,0.555555555555556,0.454545454545455,0.454545454545455,0.555555555555556,0.5,0.5,0.829545454545455,0.826086956521739,0.820224719101124,0.835164835164835,0.824858757062147,0.830601092896175
0.777777777777778,0.45,0.272727272727273,0.666666666666667,0.5,0.428571428571429,0.352941176470588,0.521739130434783,0.77,0.7875,0.819148936170213,0.732558139534884,0.793814432989691,0.759036144578313
