train_accuracy,test_accuracy,Precision_class1,Precision_class2,Recall_class1,Recall_class2,F1_class1,F1_class2,Precision_class1_train,Precision_class2_train,Recall_class1_train,Recall_class2_train,F1_class1_train,F1_class2_train
0.861111111111111,0.5,0.333333333333333,0.636363636363636,0.428571428571429,0.538461538461538,0.375,0.583333333333333,0.854166666666667,0.869047619047619,0.881720430107527,0.839080459770115,0.867724867724868,0.853801169590643
0.844444444444444,0.65,0.571428571428571,0.833333333333333,0.888888888888889,0.454545454545455,0.695652173913043,0.588235294117647,0.879518072289157,0.814432989690722,0.802197802197802,0.887640449438202,0.839080459770115,0.849462365591398
0.85,0.55,0.833333333333333,0.428571428571429,0.384615384615385,0.857142857142857,0.526315789473684,0.571428571428571,0.857142857142857,0.84375,0.827586206896552,0.870967741935484,0.842105263157895,0.857142857142857
0.838888888888889,0.35,0.363636363636364,0.333333333333333,0.4,0.3,0.380952380952381,0.315789473684211,0.850574712643678,0.827956989247312,0.822222222222222,0.855555555555556,0.836158192090396,0.841530054644809
0.816666666666667,0.65,0.636363636363636,0.666666666666667,0.7,0.6,0.666666666666667,0.631578947368421,0.806451612903226,0.827586206896552,0.833333333333333,0.8,0.819672131147541,0.813559322033898
0.861111111111111,0.4,0.428571428571429,0.384615384615385,0.272727272727273,0.555555555555556,0.333333333333333,0.454545454545455,0.855555555555556,0.866666666666667,0.865168539325843,0.857142857142857,0.860335195530726,0.861878453038674
0.827777777777778,0.6,0.555555555555556,0.636363636363636,0.555555555555556,0.636363636363636,0.555555555555556,0.636363636363636,0.840909090909091,0.815217391304348,0.813186813186813,0.842696629213483,0.8268156424581,0.828729281767956
0.85,0.65,0.714285714285714,0.5,0.769230769230769,0.428571428571429,0.740740740740741,0.461538461538462,0.857142857142857,0.84375,0.827586206896552,0.870967741935484,0.842105263157895,0.857142857142857
0.833333333333333,0.45,0.3,0.6,0.428571428571429,0.461538461538462,0.352941176470588,0.521739130434783,0.831578947368421,0.835294117647059,0.849462365591398,0.816091954022989,0.840425531914894,0.825581395348837
0.827777777777778,0.4,0.444444444444444,0.363636363636364,0.363636363636364,0.444444444444444,0.4,0.4,0.853658536585366,0.806122448979592,0.786516853932584,0.868131868131868,0.818713450292398,0.835978835978836
