train_accuracy,test_accuracy,Precision_class1,Precision_class2,Recall_class1,Recall_class2,F1_class1,F1_class2,Precision_class1_train,Precision_class2_train,Recall_class1_train,Recall_class2_train,F1_class1_train,F1_class2_train
0.9,0.5,0.538461538461538,0.428571428571429,0.636363636363636,0.333333333333333,0.583333333333333,0.375,0.917647058823529,0.884210526315789,0.876404494382023,0.923076923076923,0.896551724137931,0.903225806451613
0.894444444444444,0.3,0.333333333333333,0.285714285714286,0.166666666666667,0.5,0.222222222222222,0.363636363636364,0.91566265060241,0.876288659793814,0.863636363636364,0.923913043478261,0.888888888888889,0.8994708994709
0.872222222222222,0.2,0,0.266666666666667,0,0.444444444444444,0,0.333333333333333,0.866666666666667,0.877777777777778,0.876404494382023,0.868131868131868,0.871508379888268,0.87292817679558
0.816666666666667,0.45,0.384615384615385,0.571428571428571,0.625,0.333333333333333,0.476190476190476,0.421052631578947,0.855421686746988,0.783505154639175,0.771739130434783,0.863636363636364,0.811428571428571,0.821621621621622
0.8,0.55,0.545454545454545,0.555555555555556,0.6,0.5,0.571428571428571,0.526315789473684,0.78125,0.821428571428571,0.833333333333333,0.766666666666667,0.806451612903226,0.793103448275862
0.883333333333333,0.55,0.5,0.625,0.666666666666667,0.454545454545455,0.571428571428572,0.526315789473684,0.872340425531915,0.895348837209302,0.901098901098901,0.865168539325843,0.886486486486487,0.88
0.844444444444444,0.4,0.428571428571429,0.384615384615385,0.272727272727273,0.555555555555556,0.333333333333333,0.454545454545455,0.858823529411765,0.831578947368421,0.820224719101124,0.868131868131868,0.839080459770115,0.849462365591398
0.888888888888889,0.55,0.466666666666667,0.8,0.875,0.333333333333333,0.608695652173913,0.470588235294118,0.86734693877551,0.914634146341463,0.923913043478261,0.852272727272727,0.894736842105263,0.882352941176471
0.861111111111111,0.5,0.555555555555556,0.454545454545455,0.454545454545455,0.555555555555556,0.5,0.5,0.833333333333333,0.892857142857143,0.898876404494382,0.824175824175824,0.864864864864865,0.857142857142857
0.877777777777778,0.45,0.428571428571429,0.5,0.666666666666667,0.272727272727273,0.521739130434783,0.352941176470588,0.848484848484849,0.91358024691358,0.923076923076923,0.831460674157303,0.88421052631579,0.870588235294118
