train_accuracy,test_accuracy,Precision_class1,Precision_class2,Recall_class1,Recall_class2,F1_class1,F1_class2,Precision_class1_train,Precision_class2_train,Recall_class1_train,Recall_class2_train,F1_class1_train,F1_class2_train
0.811111111111111,0.45,0.5,0.416666666666667,0.363636363636364,0.555555555555556,0.421052631578947,0.476190476190476,0.795698924731183,0.827586206896552,0.831460674157303,0.791208791208791,0.813186813186813,0.808988764044944
0.833333333333333,0.55,0.583333333333333,0.5,0.636363636363636,0.444444444444444,0.608695652173913,0.470588235294118,0.847058823529412,0.821052631578947,0.808988764044944,0.857142857142857,0.827586206896552,0.838709677419355
0.811111111111111,0.45,0.454545454545455,0.444444444444444,0.5,0.4,0.476190476190476,0.421052631578947,0.818181818181818,0.804347826086957,0.8,0.822222222222222,0.808988764044944,0.813186813186813
0.827777777777778,0.35,0.222222222222222,0.454545454545455,0.25,0.416666666666667,0.235294117647059,0.434782608695652,0.842696629213483,0.813186813186813,0.815217391304348,0.840909090909091,0.828729281767956,0.8268156424581
0.822222222222222,0.55,0.444444444444444,0.636363636363636,0.5,0.583333333333333,0.470588235294118,0.608695652173913,0.840909090909091,0.804347826086957,0.804347826086957,0.840909090909091,0.822222222222222,0.822222222222222
0.811111111111111,0.55,0.454545454545455,0.666666666666667,0.625,0.5,0.526315789473684,0.571428571428572,0.822222222222222,0.8,0.804347826086957,0.818181818181818,0.813186813186813,0.808988764044944
0.783333333333333,0.5,0.75,0.4375,0.25,0.875,0.375,0.583333333333333,0.835616438356164,0.747663551401869,0.693181818181818,0.869565217391304,0.75776397515528,0.804020100502512
0.822222222222222,0.45,0.4,0.6,0.75,0.25,0.521739130434783,0.352941176470588,0.8,0.85,0.869565217391304,0.772727272727273,0.833333333333333,0.80952380952381
0.816666666666667,0.45,0.538461538461538,0.285714285714286,0.583333333333333,0.25,0.56,0.266666666666667,0.802197802197802,0.831460674157303,0.829545454545455,0.804347826086957,0.815642458100559,0.81767955801105
0.838888888888889,0.5,0.625,0.416666666666667,0.416666666666667,0.625,0.5,0.5,0.847058823529412,0.831578947368421,0.818181818181818,0.858695652173913,0.832369942196532,0.844919786096257
