train_accuracy,test_accuracy,Precision_class1,Precision_class2,Recall_class1,Recall_class2,F1_class1,F1_class2,Precision_class1_train,Precision_class2_train,Recall_class1_train,Recall_class2_train,F1_class1_train,F1_class2_train
0.805555555555556,0.6,0.6,0.6,0.6,0.6,0.6,0.6,0.823529411764706,0.789473684210526,0.777777777777778,0.833333333333333,0.8,0.810810810810811
0.783333333333333,0.5,0.5,0.5,0.5,0.5,0.5,0.5,0.78021978021978,0.786516853932584,0.788888888888889,0.777777777777778,0.784530386740332,0.782122905027933
0.822222222222222,0.35,0.3,0.4,0.333333333333333,0.363636363636364,0.315789473684211,0.380952380952381,0.831460674157303,0.813186813186813,0.813186813186813,0.831460674157303,0.822222222222222,0.822222222222222
0.811111111111111,0.65,0.5,0.8,0.714285714285714,0.615384615384615,0.588235294117647,0.695652173913043,0.810526315789474,0.811764705882353,0.827956989247312,0.793103448275862,0.819148936170213,0.802325581395349
0.772222222222222,0.2,0.181818181818182,0.222222222222222,0.222222222222222,0.181818181818182,0.2,0.2,0.777777777777778,0.766666666666667,0.769230769230769,0.775280898876405,0.773480662983426,0.770949720670391
0.816666666666667,0.4,0.5,0.3,0.416666666666667,0.375,0.454545454545455,0.333333333333333,0.848101265822785,0.792079207920792,0.761363636363636,0.869565217391304,0.802395209580838,0.829015544041451
0.794444444444444,0.45,0.538461538461538,0.285714285714286,0.583333333333333,0.25,0.56,0.266666666666667,0.807228915662651,0.783505154639175,0.761363636363636,0.826086956521739,0.783625730994152,0.804232804232804
0.838888888888889,0.3,0.333333333333333,0.272727272727273,0.272727272727273,0.333333333333333,0.3,0.3,0.819148936170213,0.86046511627907,0.865168539325843,0.813186813186813,0.841530054644809,0.836158192090396
0.822222222222222,0.5,0.538461538461538,0.428571428571429,0.636363636363636,0.333333333333333,0.583333333333333,0.375,0.835294117647059,0.810526315789474,0.797752808988764,0.846153846153846,0.816091954022988,0.827956989247312
0.816666666666667,0.5,0.428571428571429,0.538461538461538,0.333333333333333,0.636363636363636,0.375,0.583333333333333,0.802083333333333,0.833333333333333,0.846153846153846,0.786516853932584,0.823529411764706,0.809248554913295
