train_accuracy,test_accuracy,Precision_class1,Precision_class2,Recall_class1,Recall_class2,F1_class1,F1_class2,Precision_class1_train,Precision_class2_train,Recall_class1_train,Recall_class2_train,F1_class1_train,F1_class2_train
0.85,0.65,0.777777777777778,0.545454545454545,0.583333333333333,0.75,0.666666666666667,0.631578947368421,0.867469879518072,0.835051546391753,0.818181818181818,0.880434782608696,0.842105263157895,0.857142857142857
0.877777777777778,0.65,0.545454545454545,0.777777777777778,0.75,0.583333333333333,0.631578947368421,0.666666666666667,0.880434782608696,0.875,0.880434782608696,0.875,0.880434782608696,0.875
0.883333333333333,0.55,0.666666666666667,0.375,0.615384615384615,0.428571428571429,0.64,0.4,0.902439024390244,0.86734693877551,0.850574712643678,0.913978494623656,0.875739644970414,0.890052356020942
0.85,0.8,1,0.733333333333333,0.555555555555556,1,0.714285714285714,0.846153846153846,0.880952380952381,0.822916666666667,0.813186813186813,0.887640449438202,0.845714285714286,0.854054054054054
0.866666666666667,0.7,0.636363636363636,0.777777777777778,0.777777777777778,0.636363636363636,0.7,0.7,0.903614457831325,0.835051546391753,0.824175824175824,0.910112359550562,0.862068965517241,0.870967741935484
0.888888888888889,0.65,0.75,0.583333333333333,0.545454545454545,0.777777777777778,0.631578947368421,0.666666666666667,0.879120879120879,0.898876404494382,0.898876404494382,0.879120879120879,0.888888888888889,0.888888888888889
0.85,0.6,0.636363636363636,0.555555555555556,0.636363636363636,0.555555555555556,0.636363636363636,0.555555555555556,0.869047619047619,0.833333333333333,0.820224719101124,0.879120879120879,0.84393063583815,0.855614973262032
0.883333333333333,0.5,0.538461538461538,0.428571428571429,0.636363636363636,0.333333333333333,0.583333333333333,0.375,0.877777777777778,0.888888888888889,0.887640449438202,0.879120879120879,0.88268156424581,0.883977900552486
0.85,0.8,0.75,0.833333333333333,0.75,0.833333333333333,0.75,0.833333333333333,0.857142857142857,0.842696629213483,0.847826086956522,0.852272727272727,0.852459016393443,0.847457627118644
0.877777777777778,0.65,0.545454545454545,0.777777777777778,0.75,0.583333333333333,0.631578947368421,0.666666666666667,0.916666666666667,0.84375,0.83695652173913,0.920454545454545,0.875,0.880434782608696
