train_accuracy,test_accuracy,Precision_class1,Precision_class2,Recall_class1,Recall_class2,F1_class1,F1_class2,Precision_class1_train,Precision_class2_train,Recall_class1_train,Recall_class2_train,F1_class1_train,F1_class2_train
0.844444444444444,0.6,0.6,0.6,0.6,0.6,0.6,0.6,0.844444444444444,0.844444444444444,0.844444444444444,0.844444444444444,0.844444444444444,0.844444444444444
0.877777777777778,0.65,0.6,0.7,0.666666666666667,0.636363636363636,0.631578947368421,0.666666666666667,0.896551724137931,0.860215053763441,0.857142857142857,0.898876404494382,0.876404494382022,0.879120879120879
0.861111111111111,0.6,0.545454545454545,0.666666666666667,0.666666666666667,0.545454545454545,0.6,0.6,0.875,0.847826086956522,0.846153846153846,0.876404494382023,0.860335195530726,0.861878453038674
0.905555555555556,0.4,0.375,0.416666666666667,0.3,0.5,0.333333333333333,0.454545454545455,0.919540229885057,0.89247311827957,0.888888888888889,0.922222222222222,0.903954802259887,0.907103825136612
0.838888888888889,0.4,0.555555555555556,0.272727272727273,0.384615384615385,0.428571428571429,0.454545454545455,0.333333333333333,0.8625,0.82,0.793103448275862,0.881720430107527,0.826347305389222,0.849740932642487
0.866666666666667,0.3,0.111111111111111,0.454545454545455,0.142857142857143,0.384615384615385,0.125,0.416666666666667,0.879120879120879,0.853932584269663,0.860215053763441,0.873563218390805,0.869565217391304,0.863636363636364
0.894444444444444,0.45,0.555555555555556,0.363636363636364,0.416666666666667,0.5,0.476190476190476,0.421052631578947,0.896551724137931,0.89247311827957,0.886363636363636,0.902173913043478,0.891428571428571,0.897297297297297
0.888888888888889,0.5,0,0.588235294117647,0,0.769230769230769,0,0.666666666666667,0.901098901098901,0.876404494382023,0.881720430107527,0.896551724137931,0.891304347826087,0.886363636363636
0.911111111111111,0.45,0.444444444444444,0.454545454545455,0.4,0.5,0.421052631578947,0.476190476190476,0.911111111111111,0.911111111111111,0.911111111111111,0.911111111111111,0.911111111111111,0.911111111111111
0.877777777777778,0.45,0.583333333333333,0.25,0.538461538461538,0.285714285714286,0.56,0.266666666666667,0.882352941176471,0.873684210526316,0.862068965517241,0.89247311827957,0.872093023255814,0.882978723404255
