train_accuracy,test_accuracy,Precision_class1,Precision_class2,Recall_class1,Recall_class2,F1_class1,F1_class2,Precision_class1_train,Precision_class2_train,Recall_class1_train,Recall_class2_train,F1_class1_train,F1_class2_train
0.544444444444444,0.55,0.6,0.533333333333333,0.3,0.8,0.4,0.64,0.590909090909091,0.529411764705882,0.288888888888889,0.8,0.388059701492537,0.63716814159292
0.572222222222222,0.4,0.25,0.4375,0.1,0.7,0.142857142857143,0.538461538461538,0.80952380952381,0.540880503144654,0.188888888888889,0.955555555555556,0.306306306306306,0.690763052208835
0.572222222222222,0.5,0.5,0.5,0.3,0.7,0.375,0.583333333333333,0.614035087719298,0.552845528455285,0.388888888888889,0.755555555555556,0.476190476190476,0.63849765258216
0.577777777777778,0.45,0.428571428571429,0.461538461538462,0.3,0.6,0.352941176470588,0.521739130434783,0.577777777777778,0.577777777777778,0.577777777777778,0.577777777777778,0.577777777777778,0.577777777777778
0.522222222222222,0.65,0.8,0.6,0.4,0.9,0.533333333333333,0.72,0.625,0.51219512195122,0.111111111111111,0.933333333333333,0.188679245283019,0.661417322834646
0.616666666666667,0.6,0.6,0.6,0.6,0.6,0.6,0.6,0.677966101694915,0.586776859504132,0.444444444444444,0.788888888888889,0.536912751677852,0.672985781990521
0.561111111111111,0.55,1,0.526315789473684,0.1,1,0.181818181818182,0.689655172413793,0.703703703703704,0.535947712418301,0.211111111111111,0.911111111111111,0.324786324786325,0.674897119341564
0.527777777777778,0.65,0.714285714285714,0.615384615384615,0.5,0.8,0.588235294117647,0.695652173913043,0.531645569620253,0.524752475247525,0.466666666666667,0.588888888888889,0.497041420118343,0.554973821989529
0.588888888888889,0.45,0.4,0.466666666666667,0.2,0.7,0.266666666666667,0.56,0.666666666666667,0.560606060606061,0.355555555555556,0.822222222222222,0.463768115942029,0.666666666666667
0.583333333333333,0.65,1,0.588235294117647,0.3,1,0.461538461538462,0.740740740740741,0.619047619047619,0.564102564102564,0.433333333333333,0.733333333333333,0.509803921568627,0.63768115942029
