train_accuracy,test_accuracy,Precision_class1,Precision_class2,Recall_class1,Recall_class2,F1_class1,F1_class2,Precision_class1_train,Precision_class2_train,Recall_class1_train,Recall_class2_train,F1_class1_train,F1_class2_train
0.561111111111111,0.45,0.428571428571429,0.461538461538462,0.3,0.6,0.352941176470588,0.521739130434783,0.582089552238806,0.548672566371681,0.433333333333333,0.688888888888889,0.496815286624204,0.610837438423645
0.555555555555556,0.5,0.5,0.5,0.9,0.1,0.642857142857143,0.166666666666667,0.533783783783784,0.65625,0.877777777777778,0.233333333333333,0.663865546218487,0.344262295081967
0.588888888888889,0.4,0.375,0.416666666666667,0.3,0.5,0.333333333333333,0.454545454545455,0.574074074074074,0.611111111111111,0.688888888888889,0.488888888888889,0.626262626262626,0.54320987654321
0.55,0.55,0.538461538461538,0.571428571428571,0.7,0.4,0.608695652173913,0.470588235294118,0.565217391304348,0.540540540540541,0.433333333333333,0.666666666666667,0.490566037735849,0.597014925373134
0.572222222222222,0.6,0.583333333333333,0.625,0.7,0.5,0.636363636363636,0.555555555555556,0.591549295774648,0.559633027522936,0.466666666666667,0.677777777777778,0.521739130434783,0.613065326633166
0.566666666666667,0.5,0.5,0.5,0.3,0.7,0.375,0.583333333333333,0.590909090909091,0.552631578947368,0.433333333333333,0.7,0.5,0.61764705882353
0.555555555555556,0.5,0.5,0.5,0.6,0.4,0.545454545454545,0.444444444444444,0.551020408163265,0.560975609756098,0.6,0.511111111111111,0.574468085106383,0.534883720930233
0.555555555555556,0.6,0.583333333333333,0.625,0.7,0.5,0.636363636363636,0.555555555555556,0.547169811320755,0.567567567567568,0.644444444444444,0.466666666666667,0.591836734693878,0.51219512195122
0.533333333333333,0.5,0.5,0,1,0,0.666666666666667,0,0.51875,0.65,0.922222222222222,0.144444444444444,0.664,0.236363636363636
0.527777777777778,0.35,0.333333333333333,0.363636363636364,0.3,0.4,0.315789473684211,0.380952380952381,0.531645569620253,0.524752475247525,0.466666666666667,0.588888888888889,0.497041420118343,0.554973821989529
