train_accuracy,test_accuracy,Precision_class1,Precision_class2,Recall_class1,Recall_class2,F1_class1,F1_class2,Precision_class1_train,Precision_class2_train,Recall_class1_train,Recall_class2_train,F1_class1_train,F1_class2_train
0.661111111111111,0.5,0.454545454545455,0.555555555555556,0.555555555555556,0.454545454545455,0.5,0.5,0.66304347826087,0.659090909090909,0.67032967032967,0.651685393258427,0.666666666666667,0.655367231638418
0.716666666666667,0.45,0.384615384615385,0.571428571428571,0.625,0.333333333333333,0.476190476190476,0.421052631578947,0.707070707070707,0.728395061728395,0.760869565217391,0.670454545454545,0.732984293193717,0.698224852071006
0.655555555555556,0.4,0.25,0.5,0.25,0.5,0.25,0.5,0.666666666666667,0.644444444444444,0.652173913043478,0.659090909090909,0.659340659340659,0.651685393258427
0.666666666666667,0.4,0.5,0.3,0.416666666666667,0.375,0.454545454545455,0.333333333333333,0.645833333333333,0.69047619047619,0.704545454545455,0.630434782608696,0.673913043478261,0.659090909090909
0.655555555555556,0.5,0.416666666666667,0.625,0.625,0.416666666666667,0.5,0.5,0.65,0.6625,0.706521739130435,0.602272727272727,0.677083333333333,0.630952380952381
0.677777777777778,0.6,0.636363636363636,0.555555555555556,0.636363636363636,0.555555555555556,0.636363636363636,0.555555555555556,0.65979381443299,0.698795180722892,0.719101123595506,0.637362637362637,0.688172043010753,0.666666666666667
0.711111111111111,0.25,0.2,0.3,0.222222222222222,0.272727272727273,0.210526315789474,0.285714285714286,0.696969696969697,0.728395061728395,0.758241758241758,0.662921348314607,0.726315789473684,0.694117647058824
0.761111111111111,0.35,0.571428571428571,0.230769230769231,0.285714285714286,0.5,0.380952380952381,0.315789473684211,0.731182795698925,0.793103448275862,0.790697674418605,0.734042553191489,0.759776536312849,0.762430939226519
0.7,0.3,0.285714285714286,0.307692307692308,0.181818181818182,0.444444444444444,0.222222222222222,0.363636363636364,0.705882352941177,0.694736842105263,0.674157303370786,0.725274725274725,0.689655172413793,0.709677419354839
0.666666666666667,0.65,0.636363636363636,0.666666666666667,0.7,0.6,0.666666666666667,0.631578947368421,0.653061224489796,0.682926829268293,0.711111111111111,0.622222222222222,0.680851063829787,0.651162790697674
