train_accuracy,test_accuracy,Precision_class1,Precision_class2,Recall_class1,Recall_class2,F1_class1,F1_class2,Precision_class1_train,Precision_class2_train,Recall_class1_train,Recall_class2_train,F1_class1_train,F1_class2_train
0.522222222222222,0.55,0.666666666666667,0.529411764705882,0.2,0.9,0.307692307692308,0.666666666666667,0.590909090909091,0.512658227848101,0.144444444444444,0.9,0.232142857142857,0.653225806451613
0.516666666666667,0.5,0.5,0.5,0.3,0.7,0.375,0.583333333333333,0.545454545454545,0.510204081632653,0.2,0.833333333333333,0.292682926829268,0.632911392405063
0.544444444444444,0.6,1,0.555555555555556,0.2,1,0.333333333333333,0.714285714285714,0.666666666666667,0.525641025641026,0.177777777777778,0.911111111111111,0.280701754385965,0.666666666666667
0.511111111111111,0.3,0.25,0.333333333333333,0.2,0.4,0.222222222222222,0.363636363636364,0.522727272727273,0.507352941176471,0.255555555555556,0.766666666666667,0.343283582089552,0.610619469026549
0.511111111111111,0.55,0.6,0.533333333333333,0.3,0.8,0.4,0.64,0.516666666666667,0.508333333333333,0.344444444444444,0.677777777777778,0.413333333333333,0.580952380952381
0.522222222222222,0.6,0.666666666666667,0.571428571428571,0.4,0.8,0.5,0.666666666666667,0.558823529411765,0.513698630136986,0.211111111111111,0.833333333333333,0.306451612903226,0.635593220338983
0.555555555555556,0.4,0.25,0.4375,0.1,0.7,0.142857142857143,0.538461538461538,0.589285714285714,0.540322580645161,0.366666666666667,0.744444444444444,0.452054794520548,0.626168224299065
0.538888888888889,0.45,0.444444444444444,0.454545454545455,0.4,0.5,0.421052631578947,0.476190476190476,0.6,0.524137931034483,0.233333333333333,0.844444444444444,0.336,0.646808510638298
0.533333333333333,0.35,0.333333333333333,0.363636363636364,0.3,0.4,0.315789473684211,0.380952380952381,0.553571428571429,0.524193548387097,0.344444444444444,0.722222222222222,0.424657534246575,0.607476635514019
0.505555555555556,0.45,0,0.473684210526316,0,0.9,0,0.620689655172414,0.515151515151515,0.503401360544218,0.188888888888889,0.822222222222222,0.276422764227642,0.624472573839662
