train_accuracy,test_accuracy,Precision_class1,Precision_class2,Recall_class1,Recall_class2,F1_class1,F1_class2,Precision_class1_train,Precision_class2_train,Recall_class1_train,Recall_class2_train,F1_class1_train,F1_class2_train
0.55,0.65,0.8,0.6,0.4,0.9,0.533333333333333,0.72,0.636363636363636,0.530612244897959,0.233333333333333,0.866666666666667,0.341463414634146,0.658227848101266
0.533333333333333,0.5,0.5,0.5,0.1,0.9,0.166666666666667,0.642857142857143,0.714285714285714,0.518072289156627,0.111111111111111,0.955555555555556,0.192307692307692,0.671875
0.533333333333333,0.5,0,0.5,0,1,0,0.666666666666667,0.714285714285714,0.518072289156627,0.111111111111111,0.955555555555556,0.192307692307692,0.671875
0.516666666666667,0.4,0.25,0.4375,0.1,0.7,0.142857142857143,0.538461538461538,0.6,0.509090909090909,0.1,0.933333333333333,0.171428571428571,0.658823529411765
0.561111111111111,0.4,0.428571428571429,0.333333333333333,0.6,0.2,0.5,0.25,0.554455445544555,0.569620253164557,0.622222222222222,0.5,0.586387434554974,0.532544378698225
0.566666666666667,0.55,0.538461538461538,0.571428571428571,0.7,0.4,0.608695652173913,0.470588235294118,0.558823529411765,0.576923076923077,0.633333333333333,0.5,0.59375,0.535714285714286
0.555555555555556,0.5,0.5,0.5,0.3,0.7,0.375,0.583333333333333,0.569444444444444,0.546296296296296,0.455555555555556,0.655555555555556,0.506172839506173,0.595959595959596
0.555555555555556,0.5,0.5,0.5,0.6,0.4,0.545454545454545,0.444444444444444,0.548076923076923,0.565789473684211,0.633333333333333,0.477777777777778,0.587628865979381,0.518072289156627
0.516666666666667,0.5,0,0.5,0,1,0,0.666666666666667,0.8,0.508571428571429,0.0444444444444444,0.988888888888889,0.0842105263157895,0.671698113207547
0.511111111111111,0.25,0.142857142857143,0.307692307692308,0.1,0.4,0.117647058823529,0.347826086956522,0.516129032258065,0.508474576271186,0.355555555555556,0.666666666666667,0.421052631578947,0.576923076923077
