train_accuracy,test_accuracy,Precision_class1,Precision_class2,Recall_class1,Recall_class2,F1_class1,F1_class2,Precision_class1_train,Precision_class2_train,Recall_class1_train,Recall_class2_train,F1_class1_train,F1_class2_train
0.688888888888889,0.55,0.545454545454545,0.555555555555556,0.6,0.5,0.571428571428571,0.526315789473684,0.717948717948718,0.666666666666667,0.622222222222222,0.755555555555556,0.666666666666667,0.708333333333333
0.666666666666667,0.6,0.625,0.583333333333333,0.5,0.7,0.555555555555556,0.636363636363636,0.8,0.615384615384615,0.444444444444444,0.888888888888889,0.571428571428571,0.727272727272727
0.738888888888889,0.75,0.857142857142857,0.692307692307692,0.6,0.9,0.705882352941176,0.782608695652174,0.779220779220779,0.70873786407767,0.666666666666667,0.811111111111111,0.718562874251497,0.756476683937824
0.661111111111111,0.5,0.5,0.5,0.7,0.3,0.583333333333333,0.375,0.666666666666667,0.655913978494624,0.644444444444444,0.677777777777778,0.655367231638418,0.666666666666667
0.883333333333333,0.85,0.818181818181818,0.888888888888889,0.9,0.8,0.857142857142857,0.842105263157895,0.985915492957746,0.81651376146789,0.777777777777778,0.988888888888889,0.869565217391304,0.894472361809045
0.761111111111111,0.75,0.777777777777778,0.727272727272727,0.7,0.8,0.736842105263158,0.761904761904762,0.783132530120482,0.742268041237113,0.722222222222222,0.8,0.751445086705202,0.770053475935829
0.666666666666667,0.5,0.5,0.5,0.7,0.3,0.583333333333333,0.375,0.641509433962264,0.702702702702703,0.755555555555556,0.577777777777778,0.693877551020408,0.634146341463415
0.744444444444444,0.8,0.8,0.8,0.8,0.8,0.8,0.8,0.715686274509804,0.782051282051282,0.811111111111111,0.677777777777778,0.760416666666667,0.726190476190476
0.766666666666667,0.85,1,0.769230769230769,0.7,1,0.823529411764706,0.869565217391304,0.9,0.7,0.6,0.933333333333333,0.72,0.8
0.688888888888889,0.7,0.833333333333333,0.642857142857143,0.5,0.9,0.625,0.75,0.707317073170732,0.673469387755102,0.644444444444444,0.733333333333333,0.674418604651163,0.702127659574468
