train_accuracy,test_accuracy,Precision_class1,Precision_class2,Recall_class1,Recall_class2,F1_class1,F1_class2,Precision_class1_train,Precision_class2_train,Recall_class1_train,Recall_class2_train,F1_class1_train,F1_class2_train
0.844444444444444,0.45,0.375,0.5,0.333333333333333,0.545454545454545,0.352941176470588,0.521739130434783,0.846153846153846,0.842696629213483,0.846153846153846,0.842696629213483,0.846153846153846,0.842696629213483
0.844444444444444,0.5,0.5,0.5,0.7,0.3,0.583333333333333,0.375,0.829787234042553,0.86046511627907,0.866666666666667,0.822222222222222,0.847826086956522,0.840909090909091
0.844444444444444,0.55,0.615384615384615,0.428571428571429,0.666666666666667,0.375,0.64,0.4,0.819148936170213,0.872093023255814,0.875,0.815217391304348,0.846153846153846,0.842696629213483
0.827777777777778,0.35,0.181818181818182,0.555555555555556,0.333333333333333,0.357142857142857,0.235294117647059,0.434782608695652,0.824742268041237,0.831325301204819,0.851063829787234,0.802325581395349,0.837696335078534,0.816568047337278
0.8,0.55,0.6,0.5,0.545454545454545,0.555555555555556,0.571428571428571,0.526315789473684,0.791208791208791,0.808988764044944,0.808988764044944,0.791208791208791,0.8,0.8
0.822222222222222,0.6,0.6,0.6,0.6,0.6,0.6,0.6,0.822222222222222,0.822222222222222,0.822222222222222,0.822222222222222,0.822222222222222,0.822222222222222
0.805555555555556,0.55,0.5,0.6,0.555555555555556,0.545454545454545,0.526315789473684,0.571428571428571,0.78,0.8375,0.857142857142857,0.752808988764045,0.816753926701571,0.792899408284024
0.816666666666667,0.3,0.3,0.3,0.3,0.3,0.3,0.3,0.787878787878788,0.851851851851852,0.866666666666667,0.766666666666667,0.825396825396825,0.807017543859649
0.822222222222222,0.55,0.666666666666667,0.454545454545455,0.5,0.625,0.571428571428572,0.526315789473684,0.811111111111111,0.833333333333333,0.829545454545455,0.815217391304348,0.820224719101124,0.824175824175824
0.777777777777778,0.3,0.363636363636364,0.222222222222222,0.363636363636364,0.222222222222222,0.363636363636364,0.222222222222222,0.775280898876405,0.78021978021978,0.775280898876405,0.78021978021978,0.775280898876405,0.78021978021978
