train_accuracy,test_accuracy,Precision_class1,Precision_class2,Recall_class1,Recall_class2,F1_class1,F1_class2,Precision_class1_train,Precision_class2_train,Recall_class1_train,Recall_class2_train,F1_class1_train,F1_class2_train
0.883333333333333,0.45,0.454545454545455,0.444444444444444,0.5,0.4,0.476190476190476,0.421052631578947,0.863157894736842,0.905882352941176,0.911111111111111,0.855555555555556,0.886486486486487,0.88
0.8,0.7,0.714285714285714,0.692307692307692,0.555555555555556,0.818181818181818,0.625,0.75,0.831325301204819,0.77319587628866,0.758241758241758,0.842696629213483,0.793103448275862,0.806451612903226
0.827777777777778,0.35,0.363636363636364,0.333333333333333,0.4,0.3,0.380952380952381,0.315789473684211,0.855421686746988,0.804123711340206,0.788888888888889,0.866666666666667,0.820809248554913,0.834224598930481
0.844444444444444,0.55,0.375,0.666666666666667,0.428571428571429,0.615384615384615,0.4,0.64,0.842105263157895,0.847058823529412,0.860215053763441,0.827586206896552,0.851063829787234,0.837209302325581
0.844444444444444,0.5,0.714285714285714,0.384615384615385,0.384615384615385,0.714285714285714,0.5,0.5,0.847058823529412,0.842105263157895,0.827586206896552,0.860215053763441,0.837209302325581,0.851063829787234
0.866666666666667,0.7,0.909090909090909,0.444444444444444,0.666666666666667,0.8,0.769230769230769,0.571428571428571,0.886075949367089,0.851485148514851,0.823529411764706,0.905263157894737,0.853658536585366,0.877551020408163
0.866666666666667,0.3,0.333333333333333,0.272727272727273,0.272727272727273,0.333333333333333,0.3,0.3,0.865168539325843,0.868131868131868,0.865168539325843,0.868131868131868,0.865168539325843,0.868131868131868
0.827777777777778,0.55,0.5,0.6,0.555555555555556,0.545454545454545,0.526315789473684,0.571428571428571,0.840909090909091,0.815217391304348,0.813186813186813,0.842696629213483,0.8268156424581,0.828729281767956
0.844444444444444,0.5,0.545454545454545,0.444444444444444,0.545454545454545,0.444444444444444,0.545454545454545,0.444444444444444,0.867469879518072,0.824742268041237,0.808988764044944,0.879120879120879,0.837209302325581,0.851063829787234
0.838888888888889,0.55,0.333333333333333,0.875,0.8,0.466666666666667,0.470588235294118,0.608695652173913,0.836734693877551,0.841463414634146,0.863157894736842,0.811764705882353,0.849740932642487,0.826347305389222
