train_accuracy,test_accuracy,Precision_class1,Precision_class2,Recall_class1,Recall_class2,F1_class1,F1_class2,Precision_class1_train,Precision_class2_train,Recall_class1_train,Recall_class2_train,F1_class1_train,F1_class2_train
0.777777777777778,0.35,0.375,0.333333333333333,0.272727272727273,0.444444444444444,0.315789473684211,0.380952380952381,0.769230769230769,0.786516853932584,0.786516853932584,0.769230769230769,0.777777777777778,0.777777777777778
0.777777777777778,0.45,0.333333333333333,0.625,0.571428571428571,0.384615384615385,0.421052631578947,0.476190476190476,0.778947368421053,0.776470588235294,0.795698924731183,0.758620689655172,0.787234042553191,0.767441860465116
0.772222222222222,0.6,0.6,0.6,0.6,0.6,0.6,0.6,0.775280898876405,0.769230769230769,0.766666666666667,0.777777777777778,0.770949720670391,0.773480662983426
0.75,0.5,0.666666666666667,0.428571428571429,0.333333333333333,0.75,0.444444444444444,0.545454545454545,0.747126436781609,0.752688172043011,0.738636363636364,0.760869565217391,0.742857142857143,0.756756756756757
0.783333333333333,0.4,0.333333333333333,0.454545454545455,0.333333333333333,0.454545454545455,0.333333333333333,0.454545454545455,0.770833333333333,0.797619047619048,0.813186813186813,0.752808988764045,0.79144385026738,0.774566473988439
0.7,0.65,0.625,0.666666666666667,0.555555555555556,0.727272727272727,0.588235294117647,0.695652173913043,0.694736842105263,0.705882352941177,0.725274725274725,0.674157303370786,0.709677419354839,0.689655172413793
0.75,0.65,0.6,0.8,0.9,0.4,0.72,0.533333333333333,0.722772277227723,0.784810126582278,0.811111111111111,0.688888888888889,0.764397905759162,0.733727810650888
0.75,0.65,0.6,0.7,0.666666666666667,0.636363636363636,0.631578947368421,0.666666666666667,0.73,0.775,0.802197802197802,0.696629213483146,0.764397905759162,0.733727810650888
0.772222222222222,0.35,0.333333333333333,0.357142857142857,0.181818181818182,0.555555555555556,0.235294117647059,0.434782608695652,0.766666666666667,0.777777777777778,0.775280898876405,0.769230769230769,0.770949720670391,0.773480662983426
0.811111111111111,0.55,0.636363636363636,0.444444444444444,0.583333333333333,0.5,0.608695652173913,0.470588235294118,0.8,0.822222222222222,0.818181818181818,0.804347826086957,0.808988764044944,0.813186813186813
