train_accuracy,test_accuracy,Precision_class1,Precision_class2,Recall_class1,Recall_class2,F1_class1,F1_class2,Precision_class1_train,Precision_class2_train,Recall_class1_train,Recall_class2_train,F1_class1_train,F1_class2_train
0.811111111111111,0.25,0,0.3125,0,0.555555555555556,0,0.4,0.831325301204819,0.793814432989691,0.775280898876405,0.846153846153846,0.802325581395349,0.819148936170213
0.838888888888889,0.6,0.875,0.416666666666667,0.5,0.833333333333333,0.636363636363636,0.555555555555556,0.813186813186813,0.865168539325843,0.86046511627907,0.819148936170213,0.836158192090396,0.841530054644809
0.827777777777778,0.45,0.375,0.5,0.333333333333333,0.545454545454545,0.352941176470588,0.521739130434783,0.8125,0.845238095238095,0.857142857142857,0.797752808988764,0.834224598930481,0.820809248554913
0.844444444444444,0.6,0.555555555555556,0.636363636363636,0.555555555555556,0.636363636363636,0.555555555555556,0.636363636363636,0.805825242718447,0.896103896103896,0.912087912087912,0.775280898876405,0.855670103092783,0.831325301204819
0.894444444444444,0.35,0.375,0.333333333333333,0.272727272727273,0.444444444444444,0.315789473684211,0.380952380952381,0.880434782608696,0.909090909090909,0.910112359550562,0.879120879120879,0.895027624309392,0.893854748603352
0.844444444444444,0.35,0.230769230769231,0.571428571428571,0.5,0.285714285714286,0.315789473684211,0.380952380952381,0.823529411764706,0.871794871794872,0.893617021276596,0.790697674418605,0.857142857142857,0.829268292682927
0.85,0.5,0.533333333333333,0.4,0.727272727272727,0.222222222222222,0.615384615384615,0.285714285714286,0.822916666666667,0.880952380952381,0.887640449438202,0.813186813186813,0.854054054054054,0.845714285714286
0.838888888888889,0.45,0.4,0.5,0.444444444444444,0.454545454545455,0.421052631578947,0.476190476190476,0.83695652173913,0.840909090909091,0.846153846153846,0.831460674157303,0.841530054644809,0.836158192090395
0.844444444444444,0.4,0.571428571428571,0.307692307692308,0.307692307692308,0.571428571428571,0.4,0.4,0.873417721518987,0.821782178217822,0.793103448275862,0.89247311827957,0.831325301204819,0.855670103092783
0.844444444444444,0.15,0.0833333333333333,0.25,0.142857142857143,0.153846153846154,0.105263157894737,0.19047619047619,0.857142857142857,0.831460674157303,0.838709677419355,0.850574712643678,0.847826086956522,0.840909090909091
