train_accuracy,test_accuracy,Precision_class1,Precision_class2,Recall_class1,Recall_class2,F1_class1,F1_class2,Precision_class1_train,Precision_class2_train,Recall_class1_train,Recall_class2_train,F1_class1_train,F1_class2_train
0.844444444444444,0.65,0.75,0.583333333333333,0.545454545454545,0.777777777777778,0.631578947368421,0.666666666666667,0.821052631578947,0.870588235294118,0.876404494382023,0.813186813186813,0.847826086956522,0.840909090909091
0.894444444444444,0.2,0.25,0.1875,0.0714285714285714,0.5,0.111111111111111,0.272727272727273,0.894117647058824,0.894736842105263,0.883720930232558,0.904255319148936,0.888888888888889,0.899470899470899
0.844444444444444,0.35,0.307692307692308,0.428571428571429,0.5,0.25,0.380952380952381,0.315789473684211,0.863636363636364,0.826086956521739,0.826086956521739,0.863636363636364,0.844444444444444,0.844444444444444
0.866666666666667,0.35,0.4,0.3,0.363636363636364,0.333333333333333,0.380952380952381,0.315789473684211,0.911392405063291,0.831683168316832,0.808988764044944,0.923076923076923,0.857142857142857,0.875
0.866666666666667,0.4,0.583333333333333,0.125,0.5,0.166666666666667,0.538461538461538,0.142857142857143,0.844444444444444,0.888888888888889,0.883720930232558,0.851063829787234,0.863636363636364,0.869565217391304
0.827777777777778,0.65,0.555555555555556,0.727272727272727,0.625,0.666666666666667,0.588235294117647,0.695652173913043,0.835164835164835,0.820224719101124,0.826086956521739,0.829545454545455,0.830601092896175,0.824858757062147
0.85,0.5,0.384615384615385,0.714285714285714,0.714285714285714,0.384615384615385,0.5,0.5,0.83,0.875,0.89247311827957,0.804597701149425,0.860103626943005,0.838323353293413
0.844444444444444,0.55,0.25,0.75,0.4,0.6,0.307692307692308,0.666666666666667,0.819047619047619,0.88,0.905263157894737,0.776470588235294,0.86,0.825
0.844444444444444,0.7,0.583333333333333,0.875,0.875,0.583333333333333,0.7,0.7,0.863636363636364,0.826086956521739,0.826086956521739,0.863636363636364,0.844444444444444,0.844444444444444
0.844444444444444,0.35,0.545454545454545,0.111111111111111,0.428571428571429,0.166666666666667,0.48,0.133333333333333,0.829545454545455,0.858695652173913,0.848837209302326,0.840425531914894,0.839080459770115,0.849462365591398
