train_accuracy,test_accuracy,Precision_class1,Precision_class2,Recall_class1,Recall_class2,F1_class1,F1_class2,Precision_class1_train,Precision_class2_train,Recall_class1_train,Recall_class2_train,F1_class1_train,F1_class2_train
0.85,0.55,0.545454545454545,0.555555555555556,0.6,0.5,0.571428571428571,0.526315789473684,0.853932584269663,0.846153846153846,0.844444444444444,0.855555555555556,0.849162011173184,0.850828729281768
0.844444444444444,0.55,0.5,0.666666666666667,0.777777777777778,0.363636363636364,0.608695652173913,0.470588235294118,0.831578947368421,0.858823529411765,0.868131868131868,0.820224719101124,0.849462365591398,0.839080459770115
0.861111111111111,0.4,0.538461538461538,0.142857142857143,0.538461538461538,0.142857142857143,0.538461538461538,0.142857142857143,0.86046511627907,0.861702127659574,0.850574712643678,0.870967741935484,0.855491329479769,0.866310160427808
0.777777777777778,0.6,0.833333333333333,0.5,0.416666666666667,0.875,0.555555555555556,0.636363636363636,0.760869565217391,0.795454545454545,0.795454545454545,0.760869565217391,0.777777777777778,0.777777777777778
0.838888888888889,0.6,0.583333333333333,0.625,0.7,0.5,0.636363636363636,0.555555555555556,0.842696629213483,0.835164835164835,0.833333333333333,0.844444444444444,0.837988826815642,0.839779005524862
0.8,0.5,0.363636363636364,0.666666666666667,0.571428571428571,0.461538461538462,0.444444444444444,0.545454545454546,0.813186813186813,0.786516853932584,0.795698924731183,0.804597701149425,0.804347826086957,0.795454545454546
0.844444444444444,0.55,0.777777777777778,0.363636363636364,0.5,0.666666666666667,0.608695652173913,0.470588235294118,0.837209302325581,0.851063829787234,0.837209302325581,0.851063829787234,0.837209302325581,0.851063829787234
0.827777777777778,0.45,0.416666666666667,0.5,0.555555555555556,0.363636363636364,0.476190476190476,0.421052631578947,0.8,0.8625,0.879120879120879,0.775280898876405,0.837696335078534,0.816568047337278
0.855555555555556,0.4,0.25,0.625,0.5,0.357142857142857,0.333333333333333,0.454545454545455,0.854166666666667,0.857142857142857,0.872340425531915,0.837209302325581,0.863157894736842,0.847058823529412
0.766666666666667,0.35,0.363636363636364,0.333333333333333,0.4,0.3,0.380952380952381,0.315789473684211,0.744897959183674,0.792682926829268,0.811111111111111,0.722222222222222,0.776595744680851,0.755813953488372
