train_accuracy,test_accuracy,Precision_class1,Precision_class2,Recall_class1,Recall_class2,F1_class1,F1_class2,Precision_class1_train,Precision_class2_train,Recall_class1_train,Recall_class2_train,F1_class1_train,F1_class2_train
0.877777777777778,0.45,0.285714285714286,0.538461538461538,0.25,0.583333333333333,0.266666666666667,0.56,0.872340425531915,0.883720930232558,0.891304347826087,0.863636363636364,0.881720430107527,0.873563218390805
0.905555555555556,0.45,0.444444444444444,0.454545454545455,0.4,0.5,0.421052631578947,0.476190476190476,0.901098901098901,0.910112359550562,0.911111111111111,0.9,0.906077348066298,0.905027932960894
0.872222222222222,0.35,0.285714285714286,0.384615384615385,0.2,0.5,0.235294117647059,0.434782608695652,0.868131868131868,0.876404494382023,0.877777777777778,0.866666666666667,0.87292817679558,0.871508379888268
0.883333333333333,0.5,0.625,0.416666666666667,0.416666666666667,0.625,0.5,0.5,0.894117647058824,0.873684210526316,0.863636363636364,0.902173913043478,0.878612716763006,0.887700534759358
0.866666666666667,0.65,0.888888888888889,0.454545454545455,0.571428571428571,0.833333333333333,0.695652173913043,0.588235294117647,0.844444444444444,0.888888888888889,0.883720930232558,0.851063829787234,0.863636363636364,0.869565217391304
0.861111111111111,0.45,0.285714285714286,0.833333333333333,0.8,0.333333333333333,0.421052631578947,0.476190476190476,0.857142857142857,0.865853658536585,0.884210526315789,0.835294117647059,0.870466321243523,0.850299401197605
0.861111111111111,0.2,0.272727272727273,0.111111111111111,0.272727272727273,0.111111111111111,0.272727272727273,0.111111111111111,0.847826086956522,0.875,0.876404494382023,0.846153846153846,0.861878453038674,0.860335195530726
0.888888888888889,0.4,0.25,0.5,0.25,0.5,0.25,0.5,0.875,0.904761904761905,0.91304347826087,0.863636363636364,0.893617021276596,0.883720930232558
0.9,0.4,0.5,0.166666666666667,0.583333333333333,0.125,0.538461538461538,0.142857142857143,0.916666666666667,0.885416666666667,0.875,0.923913043478261,0.895348837209302,0.904255319148936
0.85,0.45,0.454545454545455,0.444444444444444,0.5,0.4,0.476190476190476,0.421052631578947,0.846153846153846,0.853932584269663,0.855555555555556,0.844444444444444,0.850828729281768,0.849162011173184
