train_accuracy,test_accuracy,Precision_class1,Precision_class2,Recall_class1,Recall_class2,F1_class1,F1_class2,Precision_class1_train,Precision_class2_train,Recall_class1_train,Recall_class2_train,F1_class1_train,F1_class2_train
0.861111111111111,0.6,0.571428571428571,0.666666666666667,0.8,0.4,0.666666666666667,0.5,0.849462365591398,0.873563218390805,0.877777777777778,0.844444444444444,0.863387978142076,0.858757062146893
0.861111111111111,0.55,0.7,0.4,0.538461538461538,0.571428571428571,0.608695652173913,0.470588235294118,0.852272727272727,0.869565217391304,0.862068965517241,0.860215053763441,0.857142857142857,0.864864864864865
0.866666666666667,0.45,0.5,0.333333333333333,0.636363636363636,0.222222222222222,0.56,0.266666666666667,0.849462365591398,0.885057471264368,0.887640449438202,0.846153846153846,0.868131868131868,0.865168539325843
0.9,0.45,0.375,0.5,0.333333333333333,0.545454545454545,0.352941176470588,0.521739130434783,0.884210526315789,0.917647058823529,0.923076923076923,0.876404494382023,0.903225806451613,0.896551724137931
0.877777777777778,0.4,0.3,0.5,0.375,0.416666666666667,0.333333333333333,0.454545454545455,0.880434782608696,0.875,0.880434782608696,0.875,0.880434782608696,0.875
0.827777777777778,0.55,0.5,0.583333333333333,0.444444444444444,0.636363636363636,0.470588235294118,0.608695652173913,0.819148936170213,0.837209302325581,0.846153846153846,0.808988764044944,0.832432432432432,0.822857142857143
0.861111111111111,0.65,0.8,0.5,0.615384615384615,0.714285714285714,0.695652173913043,0.588235294117647,0.816326530612245,0.914634146341463,0.919540229885057,0.806451612903226,0.864864864864865,0.857142857142857
0.85,0.55,0.5,0.6,0.555555555555556,0.545454545454545,0.526315789473684,0.571428571428571,0.826530612244898,0.878048780487805,0.89010989010989,0.808988764044944,0.857142857142857,0.842105263157895
0.894444444444444,0.4,0.384615384615385,0.428571428571429,0.555555555555556,0.272727272727273,0.454545454545455,0.333333333333333,0.882978723404255,0.906976744186046,0.912087912087912,0.876404494382023,0.897297297297297,0.891428571428571
0.888888888888889,0.3,0.307692307692308,0.285714285714286,0.444444444444444,0.181818181818182,0.363636363636364,0.222222222222222,0.881720430107527,0.896551724137931,0.901098901098901,0.876404494382023,0.891304347826087,0.886363636363636
