train_accuracy,test_accuracy,Precision_class1,Precision_class2,Recall_class1,Recall_class2,F1_class1,F1_class2,Precision_class1_train,Precision_class2_train,Recall_class1_train,Recall_class2_train,F1_class1_train,F1_class2_train
0.766666666666667,0.3,0.2,0.4,0.25,0.333333333333333,0.222222222222222,0.363636363636364,0.771739130434783,0.761363636363636,0.771739130434783,0.761363636363636,0.771739130434783,0.761363636363636
0.777777777777778,0.45,0.5,0.375,0.545454545454545,0.333333333333333,0.521739130434783,0.352941176470588,0.757894736842105,0.8,0.808988764044944,0.747252747252747,0.782608695652174,0.772727272727273
0.75,0.5,0.5,0.5,0.5,0.5,0.5,0.5,0.747252747252747,0.752808988764045,0.755555555555556,0.744444444444444,0.751381215469613,0.748603351955307
0.805555555555556,0.4,0.333333333333333,0.428571428571429,0.2,0.6,0.25,0.5,0.777777777777778,0.839506172839506,0.855555555555556,0.755555555555556,0.814814814814815,0.795321637426901
0.788888888888889,0.55,0.555555555555556,0.545454545454545,0.5,0.6,0.526315789473684,0.571428571428571,0.782608695652174,0.795454545454545,0.8,0.777777777777778,0.791208791208791,0.786516853932584
0.822222222222222,0.5,0.5,0.5,0.5,0.5,0.5,0.5,0.822222222222222,0.822222222222222,0.822222222222222,0.822222222222222,0.822222222222222,0.822222222222222
0.794444444444444,0.45,0.375,0.5,0.333333333333333,0.545454545454545,0.352941176470588,0.521739130434783,0.806818181818182,0.782608695652174,0.78021978021978,0.808988764044944,0.793296089385475,0.795580110497238
0.805555555555556,0.5,0.636363636363636,0.333333333333333,0.538461538461538,0.428571428571429,0.583333333333333,0.375,0.770833333333333,0.845238095238095,0.850574712643678,0.763440860215054,0.808743169398907,0.80225988700565
0.761111111111111,0.4,0.363636363636364,0.444444444444444,0.444444444444444,0.363636363636364,0.4,0.4,0.75531914893617,0.767441860465116,0.78021978021978,0.741573033707865,0.767567567567568,0.754285714285714
0.777777777777778,0.55,0.533333333333333,0.6,0.8,0.3,0.64,0.4,0.790697674418605,0.765957446808511,0.755555555555556,0.8,0.772727272727273,0.782608695652174
