train_accuracy,test_accuracy,Precision_class1,Precision_class2,Recall_class1,Recall_class2,F1_class1,F1_class2,Precision_class1_train,Precision_class2_train,Recall_class1_train,Recall_class2_train,F1_class1_train,F1_class2_train
0.822222222222222,0.4,0.363636363636364,0.444444444444444,0.444444444444444,0.363636363636364,0.4,0.4,0.839080459770115,0.806451612903226,0.802197802197802,0.842696629213483,0.820224719101124,0.824175824175824
0.85,0.6,0.583333333333333,0.625,0.7,0.5,0.636363636363636,0.555555555555556,0.870588235294118,0.831578947368421,0.822222222222222,0.877777777777778,0.845714285714286,0.854054054054054
0.866666666666667,0.25,0.375,0.166666666666667,0.230769230769231,0.285714285714286,0.285714285714286,0.210526315789474,0.888888888888889,0.848484848484849,0.827586206896552,0.903225806451613,0.857142857142857,0.875
0.788888888888889,0.65,0.6,0.7,0.666666666666667,0.636363636363636,0.631578947368421,0.666666666666667,0.827160493827161,0.757575757575758,0.736263736263736,0.842696629213483,0.779069767441861,0.797872340425532
0.811111111111111,0.4,0.307692307692308,0.571428571428571,0.571428571428571,0.307692307692308,0.4,0.4,0.810526315789474,0.811764705882353,0.827956989247312,0.793103448275862,0.819148936170213,0.802325581395349
0.805555555555556,0.4,0.4,0.4,0.4,0.4,0.4,0.4,0.808988764044944,0.802197802197802,0.8,0.811111111111111,0.804469273743017,0.806629834254144
0.8,0.45,0.4,0.5,0.444444444444444,0.454545454545455,0.421052631578947,0.476190476190476,0.816091954022989,0.78494623655914,0.78021978021978,0.820224719101124,0.797752808988764,0.802197802197802
0.838888888888889,0.45,0.5,0.416666666666667,0.363636363636364,0.555555555555556,0.421052631578947,0.476190476190476,0.8125,0.869047619047619,0.876404494382023,0.802197802197802,0.843243243243243,0.834285714285714
0.833333333333333,0.45,0.4,0.5,0.444444444444444,0.454545454545455,0.421052631578947,0.476190476190476,0.827956989247312,0.839080459770115,0.846153846153846,0.820224719101124,0.83695652173913,0.829545454545455
0.816666666666667,0.45,0.6,0.3,0.461538461538462,0.428571428571429,0.521739130434783,0.352941176470588,0.787234042553192,0.848837209302326,0.850574712643678,0.78494623655914,0.81767955801105,0.815642458100559
