train_accuracy,test_accuracy,Precision_class1,Precision_class2,Recall_class1,Recall_class2,F1_class1,F1_class2,Precision_class1_train,Precision_class2_train,Recall_class1_train,Recall_class2_train,F1_class1_train,F1_class2_train
0.811111111111111,0.45,0.4,0.5,0.444444444444444,0.454545454545455,0.421052631578947,0.476190476190476,0.776699029126214,0.857142857142857,0.879120879120879,0.741573033707865,0.824742268041237,0.795180722891566
0.866666666666667,0.4,0.285714285714286,0.666666666666667,0.666666666666667,0.285714285714286,0.4,0.4,0.830188679245283,0.918918918918919,0.936170212765957,0.790697674418605,0.88,0.85
0.794444444444444,0.3,0.222222222222222,0.363636363636364,0.222222222222222,0.363636363636364,0.222222222222222,0.363636363636364,0.754716981132076,0.851351351351351,0.879120879120879,0.707865168539326,0.812182741116751,0.773006134969325
0.816666666666667,0.35,0.333333333333333,0.357142857142857,0.181818181818182,0.555555555555556,0.235294117647059,0.434782608695652,0.785714285714286,0.853658536585366,0.865168539325843,0.769230769230769,0.823529411764706,0.809248554913295
0.816666666666667,0.5,0.538461538461538,0.428571428571429,0.636363636363636,0.333333333333333,0.583333333333333,0.375,0.825581395348837,0.808510638297872,0.797752808988764,0.835164835164835,0.811428571428571,0.821621621621622
0.861111111111111,0.2,0.333333333333333,0.142857142857143,0.142857142857143,0.333333333333333,0.2,0.2,0.850574712643678,0.870967741935484,0.86046511627907,0.861702127659574,0.855491329479769,0.866310160427808
0.838888888888889,0.1,0,0.2,0,0.166666666666667,0,0.181818181818182,0.870588235294118,0.810526315789474,0.804347826086957,0.875,0.836158192090395,0.841530054644809
0.794444444444444,0.6,0.538461538461538,0.714285714285714,0.777777777777778,0.454545454545455,0.636363636363636,0.555555555555556,0.764705882352941,0.833333333333333,0.857142857142857,0.730337078651685,0.808290155440414,0.778443113772455
0.827777777777778,0.6,0.636363636363636,0.555555555555556,0.636363636363636,0.555555555555556,0.636363636363636,0.555555555555556,0.795918367346939,0.865853658536585,0.876404494382023,0.78021978021978,0.834224598930481,0.820809248554913
0.855555555555556,0.55,0.6,0.4,0.75,0.25,0.666666666666667,0.307692307692308,0.852272727272727,0.858695652173913,0.852272727272727,0.858695652173913,0.852272727272727,0.858695652173913
