train_accuracy,test_accuracy,Precision_class1,Precision_class2,Recall_class1,Recall_class2,F1_class1,F1_class2,Precision_class1_train,Precision_class2_train,Recall_class1_train,Recall_class2_train,F1_class1_train,F1_class2_train
0.805555555555556,0.5,0.545454545454545,0.461538461538462,0.461538461538462,0.545454545454545,0.5,0.5,0.828282828282828,0.786324786324786,0.766355140186916,0.844036697247706,0.796116504854369,0.814159292035398
0.791666666666667,0.666666666666667,0.636363636363636,0.692307692307692,0.636363636363636,0.692307692307692,0.636363636363636,0.692307692307692,0.82,0.767241379310345,0.752293577981651,0.831775700934579,0.784688995215311,0.798206278026906
0.787037037037037,0.583333333333333,0.666666666666667,0.5,0.571428571428571,0.6,0.615384615384615,0.545454545454545,0.8,0.775862068965517,0.754716981132076,0.818181818181818,0.776699029126214,0.79646017699115
0.805555555555556,0.583333333333333,0.571428571428571,0.6,0.666666666666667,0.5,0.615384615384615,0.545454545454545,0.823529411764706,0.789473684210526,0.777777777777778,0.833333333333333,0.8,0.810810810810811
0.777777777777778,0.625,0.692307692307692,0.545454545454545,0.642857142857143,0.6,0.666666666666667,0.571428571428571,0.795918367346939,0.76271186440678,0.735849056603774,0.818181818181818,0.764705882352941,0.789473684210526
0.819444444444444,0.5,0.466666666666667,0.555555555555556,0.636363636363636,0.384615384615385,0.538461538461539,0.454545454545455,0.824074074074074,0.814814814814815,0.81651376146789,0.822429906542056,0.820276497695852,0.818604651162791
0.800925925925926,0.416666666666667,0.666666666666667,0.266666666666667,0.352941176470588,0.571428571428571,0.461538461538462,0.363636363636364,0.794117647058823,0.807017543859649,0.786407766990291,0.814159292035398,0.790243902439024,0.81057268722467
0.768518518518518,0.666666666666667,0.538461538461538,0.818181818181818,0.777777777777778,0.6,0.636363636363636,0.692307692307692,0.779816513761468,0.757009345794392,0.765765765765766,0.771428571428571,0.772727272727273,0.764150943396226
0.796296296296296,0.5,0.533333333333333,0.444444444444444,0.615384615384615,0.363636363636364,0.571428571428572,0.4,0.818181818181818,0.777777777777778,0.757009345794392,0.834862385321101,0.786407766990291,0.805309734513274
0.768518518518518,0.5,0.285714285714286,0.8,0.666666666666667,0.444444444444444,0.4,0.571428571428571,0.790909090909091,0.745283018867924,0.763157894736842,0.774509803921569,0.776785714285714,0.759615384615385
