train_accuracy,test_accuracy,Precision_class1,Precision_class2,Recall_class1,Recall_class2,F1_class1,F1_class2,Precision_class1_train,Precision_class2_train,Recall_class1_train,Recall_class2_train,F1_class1_train,F1_class2_train
0.75,0.7,0.6,0.8,0.75,0.666666666666667,0.666666666666667,0.727272727272727,0.737373737373737,0.765432098765432,0.793478260869565,0.704545454545455,0.764397905759162,0.733727810650888
0.777777777777778,0.4,0.416666666666667,0.375,0.5,0.3,0.454545454545455,0.333333333333333,0.760416666666667,0.797619047619048,0.811111111111111,0.744444444444444,0.78494623655914,0.770114942528736
0.777777777777778,0.5,1,0.411764705882353,0.230769230769231,1,0.375,0.583333333333333,0.776470588235294,0.778947368421053,0.758620689655172,0.795698924731183,0.767441860465116,0.787234042553191
0.744444444444444,0.55,0.5,0.583333333333333,0.444444444444444,0.636363636363636,0.470588235294118,0.608695652173913,0.718446601941748,0.779220779220779,0.813186813186813,0.674157303370786,0.762886597938145,0.72289156626506
0.727777777777778,0.55,0.583333333333333,0.5,0.636363636363636,0.444444444444444,0.608695652173913,0.470588235294118,0.7,0.7625,0.786516853932584,0.67032967032967,0.740740740740741,0.713450292397661
0.711111111111111,0.4,0.444444444444444,0.363636363636364,0.363636363636364,0.444444444444444,0.4,0.4,0.690721649484536,0.734939759036145,0.752808988764045,0.67032967032967,0.720430107526882,0.701149425287356
0.722222222222222,0.75,0.769230769230769,0.714285714285714,0.833333333333333,0.625,0.8,0.666666666666667,0.697916666666667,0.75,0.761363636363636,0.684782608695652,0.728260869565217,0.715909090909091
0.772222222222222,0.35,0.25,0.5,0.428571428571429,0.307692307692308,0.315789473684211,0.380952380952381,0.76530612244898,0.780487804878049,0.806451612903226,0.735632183908046,0.785340314136126,0.757396449704142
0.722222222222222,0.45,0.454545454545455,0.444444444444444,0.5,0.4,0.476190476190476,0.421052631578947,0.704081632653061,0.74390243902439,0.766666666666667,0.677777777777778,0.734042553191489,0.709302325581395
0.75,0.45,0.4,0.5,0.444444444444444,0.454545454545455,0.421052631578947,0.476190476190476,0.73,0.775,0.802197802197802,0.696629213483146,0.764397905759162,0.733727810650888
