train_accuracy,test_accuracy,Precision_class1,Precision_class2,Recall_class1,Recall_class2,F1_class1,F1_class2,Precision_class1_train,Precision_class2_train,Recall_class1_train,Recall_class2_train,F1_class1_train,F1_class2_train
0.805555555555556,0.45,0.545454545454545,0.333333333333333,0.5,0.375,0.521739130434783,0.352941176470588,0.778947368421053,0.835294117647059,0.840909090909091,0.771739130434783,0.808743169398907,0.80225988700565
0.805555555555556,0.3,0.125,0.416666666666667,0.125,0.416666666666667,0.125,0.416666666666667,0.793814432989691,0.819277108433735,0.83695652173913,0.772727272727273,0.814814814814815,0.795321637426901
0.822222222222222,0.3,0.363636363636364,0.222222222222222,0.363636363636364,0.222222222222222,0.363636363636364,0.222222222222222,0.813186813186813,0.831460674157303,0.831460674157303,0.813186813186813,0.822222222222222,0.822222222222222
0.8,0.55,0.666666666666667,0.375,0.615384615384615,0.428571428571429,0.64,0.4,0.793103448275862,0.806451612903226,0.793103448275862,0.806451612903226,0.793103448275862,0.806451612903226
0.827777777777778,0.15,0.142857142857143,0.166666666666667,0.285714285714286,0.0769230769230769,0.19047619047619,0.105263157894737,0.803921568627451,0.858974358974359,0.881720430107527,0.770114942528736,0.841025641025641,0.812121212121212
0.816666666666667,0.5,0.307692307692308,0.857142857142857,0.8,0.4,0.444444444444444,0.545454545454546,0.81,0.825,0.852631578947368,0.776470588235294,0.830769230769231,0.8
0.8,0.5,0.5,0.5,0.6,0.4,0.545454545454545,0.444444444444444,0.78125,0.821428571428571,0.833333333333333,0.766666666666667,0.806451612903226,0.793103448275862
0.783333333333333,0.5,0.538461538461538,0.428571428571429,0.636363636363636,0.333333333333333,0.583333333333333,0.375,0.765957446808511,0.802325581395349,0.808988764044944,0.758241758241758,0.786885245901639,0.779661016949152
0.8,0.5,0.461538461538462,0.571428571428571,0.666666666666667,0.363636363636364,0.545454545454546,0.444444444444444,0.795698924731183,0.804597701149425,0.813186813186813,0.786516853932584,0.804347826086957,0.795454545454546
0.822222222222222,0.45,0.666666666666667,0.272727272727273,0.428571428571429,0.5,0.521739130434783,0.352941176470588,0.8,0.844444444444444,0.837209302325581,0.808510638297872,0.818181818181818,0.826086956521739
