train_accuracy,test_accuracy,Precision_class1,Precision_class2,Recall_class1,Recall_class2,F1_class1,F1_class2,Precision_class1_train,Precision_class2_train,Recall_class1_train,Recall_class2_train,F1_class1_train,F1_class2_train
0.766666666666667,0.55,0.666666666666667,0.454545454545455,0.5,0.625,0.571428571428572,0.526315789473684,0.773809523809524,0.760416666666667,0.738636363636364,0.793478260869565,0.755813953488372,0.776595744680851
0.783333333333333,0.55,0.666666666666667,0.454545454545455,0.5,0.625,0.571428571428572,0.526315789473684,0.769230769230769,0.797752808988764,0.795454545454545,0.771739130434783,0.782122905027933,0.784530386740331
0.872222222222222,0.55,0.25,0.75,0.4,0.6,0.307692307692308,0.666666666666667,0.846153846153846,0.907894736842105,0.926315789473684,0.811764705882353,0.884422110552764,0.857142857142857
0.811111111111111,0.4,0.4,0.4,0.4,0.4,0.4,0.4,0.785714285714286,0.841463414634146,0.855555555555556,0.766666666666667,0.819148936170213,0.802325581395349
0.822222222222222,0.75,0.888888888888889,0.636363636363636,0.666666666666667,0.875,0.761904761904762,0.736842105263158,0.791666666666667,0.857142857142857,0.863636363636364,0.782608695652174,0.826086956521739,0.818181818181818
0.8,0.6,0.454545454545455,0.777777777777778,0.714285714285714,0.538461538461538,0.555555555555556,0.636363636363636,0.8,0.8,0.817204301075269,0.781609195402299,0.808510638297872,0.790697674418605
0.788888888888889,0.65,0.625,0.666666666666667,0.555555555555556,0.727272727272727,0.588235294117647,0.695652173913043,0.804597701149425,0.774193548387097,0.769230769230769,0.808988764044944,0.786516853932584,0.791208791208791
0.794444444444444,0.45,0.444444444444444,0.454545454545455,0.4,0.5,0.421052631578947,0.476190476190476,0.797752808988764,0.791208791208791,0.788888888888889,0.8,0.793296089385475,0.795580110497237
0.8,0.6,0.666666666666667,0.5,0.666666666666667,0.5,0.666666666666667,0.5,0.776595744680851,0.825581395348837,0.829545454545455,0.771739130434783,0.802197802197802,0.797752808988764
0.794444444444444,0.55,0.625,0.5,0.454545454545455,0.666666666666667,0.526315789473684,0.571428571428572,0.795454545454545,0.793478260869565,0.786516853932584,0.802197802197802,0.790960451977401,0.797814207650273
