train_accuracy,test_accuracy,Precision_class1,Precision_class2,Recall_class1,Recall_class2,F1_class1,F1_class2,Precision_class1_train,Precision_class2_train,Recall_class1_train,Recall_class2_train,F1_class1_train,F1_class2_train
0.866666666666667,0.7,0.75,0.666666666666667,0.6,0.8,0.666666666666667,0.727272727272727,0.892857142857143,0.84375,0.833333333333333,0.9,0.862068965517241,0.870967741935484
0.827777777777778,0.7,0.833333333333333,0.5,0.714285714285714,0.666666666666667,0.769230769230769,0.571428571428572,0.848101265822785,0.811881188118812,0.779069767441861,0.872340425531915,0.812121212121212,0.841025641025641
0.855555555555556,0.85,0.8,0.9,0.888888888888889,0.818181818181818,0.842105263157895,0.857142857142857,0.849462365591398,0.862068965517241,0.868131868131868,0.842696629213483,0.858695652173913,0.852272727272727
0.833333333333333,0.6,0.416666666666667,0.875,0.833333333333333,0.5,0.555555555555556,0.636363636363636,0.855555555555556,0.811111111111111,0.819148936170213,0.848837209302326,0.83695652173913,0.829545454545454
0.838888888888889,0.8,0.8,0.8,0.8,0.8,0.8,0.8,0.827956989247312,0.850574712643678,0.855555555555556,0.822222222222222,0.841530054644809,0.836158192090396
0.833333333333333,0.75,0.714285714285714,0.769230769230769,0.625,0.833333333333333,0.666666666666667,0.8,0.83695652173913,0.829545454545455,0.83695652173913,0.829545454545455,0.83695652173913,0.829545454545455
0.85,0.6,0.75,0.5,0.5,0.75,0.6,0.6,0.876543209876543,0.828282828282828,0.806818181818182,0.891304347826087,0.840236686390533,0.858638743455497
0.866666666666667,0.8,0.785714285714286,0.833333333333333,0.916666666666667,0.625,0.846153846153846,0.714285714285714,0.863636363636364,0.869565217391304,0.863636363636364,0.869565217391304,0.863636363636364,0.869565217391304
0.872222222222222,0.6,0.583333333333333,0.625,0.7,0.5,0.636363636363636,0.555555555555556,0.876404494382023,0.868131868131868,0.866666666666667,0.877777777777778,0.871508379888268,0.87292817679558
0.838888888888889,0.65,0.583333333333333,0.75,0.777777777777778,0.545454545454545,0.666666666666667,0.631578947368421,0.86046511627907,0.819148936170213,0.813186813186813,0.865168539325843,0.836158192090396,0.841530054644809
