train_accuracy,test_accuracy,Precision_class1,Precision_class2,Recall_class1,Recall_class2,F1_class1,F1_class2,Precision_class1_train,Precision_class2_train,Recall_class1_train,Recall_class2_train,F1_class1_train,F1_class2_train
0.861111111111111,0.65,0.777777777777778,0.545454545454545,0.583333333333333,0.75,0.666666666666667,0.631578947368421,0.870588235294118,0.852631578947368,0.840909090909091,0.880434782608696,0.855491329479769,0.866310160427808
0.855555555555556,0.5,0.4,0.6,0.5,0.5,0.444444444444444,0.545454545454545,0.83,0.8875,0.902173913043478,0.806818181818182,0.864583333333333,0.845238095238095
0.855555555555556,0.5,0.5,0.5,0.6,0.4,0.545454545454545,0.444444444444444,0.855555555555556,0.855555555555556,0.855555555555556,0.855555555555556,0.855555555555556,0.855555555555556
0.866666666666667,0.45,0.5,0.416666666666667,0.363636363636364,0.555555555555556,0.421052631578947,0.476190476190476,0.857142857142857,0.876404494382023,0.876404494382023,0.857142857142857,0.866666666666667,0.866666666666667
0.8,0.5,0.6,0.466666666666667,0.272727272727273,0.777777777777778,0.375,0.583333333333333,0.791208791208791,0.808988764044944,0.808988764044944,0.791208791208791,0.8,0.8
0.827777777777778,0.6,0.6,0.6,0.818181818181818,0.333333333333333,0.692307692307692,0.428571428571429,0.837209302325581,0.819148936170213,0.808988764044944,0.846153846153846,0.822857142857143,0.832432432432432
0.861111111111111,0.55,0.4,0.7,0.571428571428571,0.538461538461538,0.470588235294118,0.608695652173913,0.895348837209302,0.829787234042553,0.827956989247312,0.896551724137931,0.860335195530726,0.861878453038674
0.827777777777778,0.6,0.666666666666667,0.545454545454545,0.545454545454545,0.666666666666667,0.6,0.6,0.837209302325581,0.819148936170213,0.808988764044944,0.846153846153846,0.822857142857143,0.832432432432432
0.838888888888889,0.65,0.833333333333333,0.571428571428571,0.454545454545455,0.888888888888889,0.588235294117647,0.695652173913043,0.857142857142857,0.822916666666667,0.808988764044944,0.868131868131868,0.832369942196532,0.844919786096257
0.866666666666667,0.6,0.5,0.75,0.75,0.5,0.6,0.6,0.854166666666667,0.880952380952381,0.891304347826087,0.840909090909091,0.872340425531915,0.86046511627907
