train_accuracy,test_accuracy,Precision_class1,Precision_class2,Recall_class1,Recall_class2,F1_class1,F1_class2,Precision_class1_train,Precision_class2_train,Recall_class1_train,Recall_class2_train,F1_class1_train,F1_class2_train
0.844444444444444,0.7,0.6,0.8,0.75,0.666666666666667,0.666666666666667,0.727272727272727,0.833333333333333,0.857142857142857,0.869565217391304,0.818181818181818,0.851063829787234,0.837209302325581
0.866666666666667,0.7,0.636363636363636,0.777777777777778,0.777777777777778,0.636363636363636,0.7,0.7,0.838383838383838,0.901234567901235,0.912087912087912,0.820224719101124,0.873684210526316,0.858823529411765
0.811111111111111,0.55,0.428571428571429,0.615384615384615,0.375,0.666666666666667,0.4,0.64,0.845238095238095,0.78125,0.771739130434783,0.852272727272727,0.806818181818182,0.815217391304348
0.805555555555556,0.75,0.777777777777778,0.727272727272727,0.7,0.8,0.736842105263158,0.761904761904762,0.831325301204819,0.783505154639175,0.766666666666667,0.844444444444444,0.797687861271676,0.812834224598931
0.866666666666667,0.65,0.888888888888889,0.454545454545455,0.571428571428571,0.833333333333333,0.695652173913043,0.588235294117647,0.869047619047619,0.864583333333333,0.848837209302326,0.882978723404255,0.858823529411765,0.873684210526316
0.811111111111111,0.6,0.7,0.5,0.583333333333333,0.625,0.636363636363636,0.555555555555556,0.787234042553192,0.837209302325581,0.840909090909091,0.782608695652174,0.813186813186813,0.808988764044944
0.838888888888889,0.55,0.538461538461538,0.571428571428571,0.7,0.4,0.608695652173913,0.470588235294118,0.858823529411765,0.821052631578947,0.811111111111111,0.866666666666667,0.834285714285714,0.843243243243243
0.883333333333333,0.65,0.545454545454545,0.777777777777778,0.75,0.583333333333333,0.631578947368421,0.666666666666667,0.89010989010989,0.876404494382023,0.880434782608696,0.886363636363636,0.885245901639344,0.88135593220339
0.883333333333333,0.8,0.777777777777778,0.818181818181818,0.777777777777778,0.818181818181818,0.777777777777778,0.818181818181818,0.916666666666667,0.854166666666667,0.846153846153846,0.921348314606742,0.88,0.886486486486487
0.861111111111111,0.7,0.75,0.625,0.75,0.625,0.75,0.625,0.853932584269663,0.868131868131868,0.863636363636364,0.858695652173913,0.858757062146893,0.863387978142077
