train_accuracy,test_accuracy,Precision_class1,Precision_class2,Recall_class1,Recall_class2,F1_class1,F1_class2,Precision_class1_train,Precision_class2_train,Recall_class1_train,Recall_class2_train,F1_class1_train,F1_class2_train
0.672222222222222,0.6,0.571428571428571,0.666666666666667,0.8,0.4,0.666666666666667,0.5,0.65979381443299,0.686746987951807,0.711111111111111,0.633333333333333,0.684491978609626,0.658959537572254
0.65,0.55,0.571428571428571,0.538461538461538,0.4,0.7,0.470588235294118,0.608695652173913,0.645161290322581,0.655172413793103,0.666666666666667,0.633333333333333,0.655737704918033,0.644067796610169
0.7,0.5,0.5,0.5,0.5,0.5,0.5,0.5,0.673076923076923,0.736842105263158,0.777777777777778,0.622222222222222,0.721649484536082,0.674698795180723
0.633333333333333,0.55,0.6,0.5,0.545454545454545,0.555555555555556,0.571428571428571,0.526315789473684,0.607476635514019,0.671232876712329,0.730337078651685,0.538461538461538,0.663265306122449,0.597560975609756
0.65,0.65,0.5,0.875,0.857142857142857,0.538461538461538,0.631578947368421,0.666666666666667,0.636363636363636,0.671428571428571,0.752688172043011,0.540229885057471,0.689655172413793,0.598726114649682
0.655555555555556,0.5,0.454545454545455,0.555555555555556,0.555555555555556,0.454545454545455,0.5,0.5,0.635514018691589,0.684931506849315,0.747252747252747,0.561797752808989,0.686868686868687,0.617283950617284
0.688888888888889,0.45,0.555555555555556,0.363636363636364,0.416666666666667,0.5,0.476190476190476,0.421052631578947,0.681818181818182,0.695652173913043,0.681818181818182,0.695652173913043,0.681818181818182,0.695652173913043
0.644444444444444,0.5,0.5,0.5,0.5,0.5,0.5,0.5,0.63265306122449,0.658536585365854,0.688888888888889,0.6,0.659574468085106,0.627906976744186
0.7,0.5,0.454545454545455,0.555555555555556,0.555555555555556,0.454545454545455,0.5,0.5,0.694736842105263,0.705882352941177,0.725274725274725,0.674157303370786,0.709677419354839,0.689655172413793
0.677777777777778,0.5,0.6,0.4,0.5,0.5,0.545454545454545,0.444444444444444,0.666666666666667,0.688888888888889,0.681818181818182,0.673913043478261,0.674157303370786,0.681318681318681
