train_accuracy,test_accuracy,Precision_class1,Precision_class2,Recall_class1,Recall_class2,F1_class1,F1_class2,Precision_class1_train,Precision_class2_train,Recall_class1_train,Recall_class2_train,F1_class1_train,F1_class2_train
0.811111111111111,0.5,0.5,0.5,0.5,0.5,0.5,0.5,0.811111111111111,0.811111111111111,0.811111111111111,0.811111111111111,0.811111111111111,0.811111111111111
0.855555555555556,0.6,0.583333333333333,0.625,0.7,0.5,0.636363636363636,0.555555555555556,0.855555555555556,0.855555555555556,0.855555555555556,0.855555555555556,0.855555555555556,0.855555555555556
0.872222222222222,0.4,0.428571428571429,0.384615384615385,0.272727272727273,0.555555555555556,0.333333333333333,0.454545454545455,0.902439024390244,0.846938775510204,0.831460674157303,0.912087912087912,0.865497076023392,0.878306878306878
0.838888888888889,0.55,0.583333333333333,0.5,0.636363636363636,0.444444444444444,0.608695652173913,0.470588235294118,0.826086956521739,0.852272727272727,0.853932584269663,0.824175824175824,0.839779005524862,0.837988826815642
0.788888888888889,0.55,0.545454545454545,0.555555555555556,0.6,0.5,0.571428571428571,0.526315789473684,0.788888888888889,0.788888888888889,0.788888888888889,0.788888888888889,0.788888888888889,0.788888888888889
0.805555555555556,0.65,0.5,0.714285714285714,0.428571428571429,0.769230769230769,0.461538461538462,0.740740740740741,0.802083333333333,0.80952380952381,0.827956989247312,0.781609195402299,0.814814814814815,0.795321637426901
0.827777777777778,0.45,0.363636363636364,0.555555555555556,0.5,0.416666666666667,0.421052631578947,0.476190476190476,0.814432989690722,0.843373493975904,0.858695652173913,0.795454545454545,0.835978835978836,0.818713450292398
0.85,0.45,0.555555555555556,0.363636363636364,0.416666666666667,0.5,0.476190476190476,0.421052631578947,0.850574712643678,0.849462365591398,0.840909090909091,0.858695652173913,0.845714285714286,0.854054054054054
0.838888888888889,0.5,0.7,0.3,0.5,0.5,0.583333333333333,0.375,0.820224719101124,0.857142857142857,0.848837209302326,0.829787234042553,0.834285714285714,0.843243243243243
0.811111111111111,0.5,0.384615384615385,0.714285714285714,0.714285714285714,0.384615384615385,0.5,0.5,0.824175824175824,0.797752808988764,0.806451612903226,0.816091954022989,0.815217391304348,0.806818181818182
