train_accuracy,test_accuracy,Precision_class1,Precision_class2,Recall_class1,Recall_class2,F1_class1,F1_class2,Precision_class1_train,Precision_class2_train,Recall_class1_train,Recall_class2_train,F1_class1_train,F1_class2_train
0.783333333333333,0.6,0.545454545454545,0.666666666666667,0.666666666666667,0.545454545454545,0.6,0.6,0.782608695652174,0.784090909090909,0.791208791208791,0.775280898876405,0.786885245901639,0.779661016949153
0.755555555555556,0.45,0.444444444444444,0.454545454545455,0.4,0.5,0.421052631578947,0.476190476190476,0.780487804878049,0.73469387755102,0.711111111111111,0.8,0.744186046511628,0.765957446808511
0.811111111111111,0.55,0.7,0.4,0.538461538461538,0.571428571428571,0.608695652173913,0.470588235294118,0.811764705882353,0.810526315789474,0.793103448275862,0.827956989247312,0.802325581395349,0.819148936170213
0.772222222222222,0.55,0.5,0.6,0.555555555555556,0.545454545454545,0.526315789473684,0.571428571428571,0.760416666666667,0.785714285714286,0.802197802197802,0.741573033707865,0.780748663101604,0.763005780346821
0.822222222222222,0.4,0.222222222222222,0.545454545454545,0.285714285714286,0.461538461538462,0.25,0.5,0.821052631578947,0.823529411764706,0.838709677419355,0.804597701149425,0.829787234042553,0.813953488372093
0.816666666666667,0.5,0.5,0.5,0.8,0.2,0.615384615384615,0.285714285714286,0.820224719101124,0.813186813186813,0.811111111111111,0.822222222222222,0.815642458100559,0.81767955801105
0.783333333333333,0.6,0.555555555555556,0.636363636363636,0.555555555555556,0.636363636363636,0.555555555555556,0.636363636363636,0.788888888888889,0.777777777777778,0.78021978021978,0.786516853932584,0.784530386740332,0.782122905027933
0.844444444444444,0.4,0.4,0.4,0.181818181818182,0.666666666666667,0.25,0.5,0.867469879518072,0.824742268041237,0.808988764044944,0.879120879120879,0.837209302325581,0.851063829787234
0.794444444444444,0.55,0.5,0.583333333333333,0.444444444444444,0.636363636363636,0.470588235294118,0.608695652173913,0.8,0.788888888888889,0.791208791208791,0.797752808988764,0.795580110497237,0.793296089385475
0.777777777777778,0.45,0.6,0.3,0.461538461538462,0.428571428571429,0.521739130434783,0.352941176470588,0.770114942528736,0.78494623655914,0.770114942528736,0.78494623655914,0.770114942528736,0.78494623655914
