train_accuracy,test_accuracy,Precision_class1,Precision_class2,Recall_class1,Recall_class2,F1_class1,F1_class2,Precision_class1_train,Precision_class2_train,Recall_class1_train,Recall_class2_train,F1_class1_train,F1_class2_train
0.877777777777778,0.55,0.6,0.5,0.545454545454545,0.555555555555556,0.571428571428571,0.526315789473684,0.868131868131868,0.887640449438202,0.887640449438202,0.868131868131868,0.877777777777778,0.877777777777778
0.861111111111111,0.7,0.545454545454545,0.888888888888889,0.857142857142857,0.615384615384615,0.666666666666667,0.727272727272727,0.854166666666667,0.869047619047619,0.881720430107527,0.839080459770115,0.867724867724868,0.853801169590643
0.866666666666667,0.55,0.5,0.6,0.555555555555556,0.545454545454545,0.526315789473684,0.571428571428571,0.845360824742268,0.891566265060241,0.901098901098901,0.831460674157303,0.872340425531915,0.86046511627907
0.861111111111111,0.55,0.571428571428571,0.538461538461538,0.4,0.7,0.470588235294118,0.608695652173913,0.873563218390805,0.849462365591398,0.844444444444444,0.877777777777778,0.858757062146893,0.863387978142076
0.872222222222222,0.7,0.642857142857143,0.833333333333333,0.9,0.5,0.75,0.625,0.868131868131868,0.876404494382023,0.877777777777778,0.866666666666667,0.87292817679558,0.871508379888268
0.8,0.5,0.5,0.5,0.4,0.6,0.444444444444444,0.545454545454545,0.821428571428571,0.78125,0.766666666666667,0.833333333333333,0.793103448275862,0.806451612903226
0.894444444444444,0.65,0.615384615384615,0.714285714285714,0.8,0.5,0.695652173913043,0.588235294117647,0.89010989010989,0.898876404494382,0.9,0.888888888888889,0.895027624309392,0.893854748603352
0.85,0.5,0.5,0.5,0.6,0.4,0.545454545454545,0.444444444444444,0.831578947368421,0.870588235294118,0.877777777777778,0.822222222222222,0.854054054054054,0.845714285714286
0.861111111111111,0.55,0.833333333333333,0.428571428571429,0.384615384615385,0.857142857142857,0.526315789473684,0.571428571428571,0.852272727272727,0.869565217391304,0.862068965517241,0.860215053763441,0.857142857142857,0.864864864864865
0.894444444444444,0.65,0.714285714285714,0.615384615384615,0.5,0.8,0.588235294117647,0.695652173913043,0.865979381443299,0.927710843373494,0.933333333333333,0.855555555555556,0.898395721925134,0.890173410404624
