train_accuracy,test_accuracy,Precision_class1,Precision_class2,Recall_class1,Recall_class2,F1_class1,F1_class2,Precision_class1_train,Precision_class2_train,Recall_class1_train,Recall_class2_train,F1_class1_train,F1_class2_train
0.783333333333333,0.55,0.571428571428571,0.538461538461538,0.4,0.7,0.470588235294118,0.608695652173913,0.774193548387097,0.793103448275862,0.8,0.766666666666667,0.786885245901639,0.779661016949153
0.805555555555556,0.6,0.4,0.8,0.666666666666667,0.571428571428571,0.5,0.666666666666667,0.864197530864197,0.757575757575758,0.74468085106383,0.872093023255814,0.8,0.810810810810811
0.744444444444444,0.45,0.555555555555556,0.363636363636364,0.416666666666667,0.5,0.476190476190476,0.421052631578947,0.776315789473684,0.721153846153846,0.670454545454545,0.815217391304348,0.719512195121951,0.76530612244898
0.777777777777778,0.6,0.7,0.5,0.583333333333333,0.625,0.636363636363636,0.555555555555556,0.792682926829268,0.76530612244898,0.738636363636364,0.815217391304348,0.764705882352941,0.789473684210526
0.744444444444444,0.65,0.666666666666667,0.636363636363636,0.6,0.7,0.631578947368421,0.666666666666667,0.797297297297297,0.707547169811321,0.655555555555556,0.833333333333333,0.719512195121951,0.76530612244898
0.783333333333333,0.3,0.166666666666667,0.5,0.333333333333333,0.285714285714286,0.222222222222222,0.363636363636364,0.789473684210526,0.776470588235294,0.797872340425532,0.767441860465116,0.793650793650794,0.771929824561404
0.794444444444444,0.65,0.7,0.6,0.636363636363636,0.666666666666667,0.666666666666667,0.631578947368421,0.802325581395349,0.787234042553192,0.775280898876405,0.813186813186813,0.788571428571429,0.8
0.822222222222222,0.65,0.75,0.583333333333333,0.545454545454545,0.777777777777778,0.631578947368421,0.666666666666667,0.813186813186813,0.831460674157303,0.831460674157303,0.813186813186813,0.822222222222222,0.822222222222222
0.744444444444444,0.8,0.818181818181818,0.777777777777778,0.818181818181818,0.777777777777778,0.818181818181818,0.777777777777778,0.802816901408451,0.706422018348624,0.640449438202247,0.846153846153846,0.7125,0.77
0.794444444444444,0.4,0.444444444444444,0.363636363636364,0.363636363636364,0.444444444444444,0.4,0.4,0.80952380952381,0.78125,0.764044943820225,0.824175824175824,0.786127167630058,0.802139037433155
