train_accuracy,test_accuracy,Precision_class1,Precision_class2,Recall_class1,Recall_class2,F1_class1,F1_class2,Precision_class1_train,Precision_class2_train,Recall_class1_train,Recall_class2_train,F1_class1_train,F1_class2_train
0.605555555555556,0.6,0.571428571428571,0.666666666666667,0.8,0.4,0.666666666666667,0.5,0.582608695652174,0.646153846153846,0.744444444444444,0.466666666666667,0.653658536585366,0.541935483870968
0.511111111111111,0.5,0,0.5,0,1,0,0.666666666666667,1,0.50561797752809,0.0222222222222222,1,0.0434782608695652,0.671641791044776
0.522222222222222,0.45,0,0.473684210526316,0,0.9,0,0.620689655172414,0.55,0.514285714285714,0.244444444444444,0.8,0.338461538461538,0.626086956521739
0.533333333333333,0.5,0.5,0.5,0.8,0.2,0.615384615384615,0.285714285714286,0.519230769230769,0.625,0.9,0.166666666666667,0.658536585365854,0.263157894736842
0.55,0.5,0.5,0.5,0.1,0.9,0.166666666666667,0.642857142857143,0.581818181818182,0.536,0.355555555555556,0.744444444444444,0.441379310344828,0.623255813953488
0.483333333333333,0.45,0.454545454545455,0.444444444444444,0.5,0.4,0.476190476190476,0.421052631578947,0.483516483516484,0.48314606741573,0.488888888888889,0.477777777777778,0.486187845303867,0.480446927374302
0.527777777777778,0.45,0.473684210526316,0,0.9,0,0.620689655172414,0,0.514285714285714,1,1,0.0555555555555556,0.679245283018868,0.105263157894737
0.561111111111111,0.35,0.2,0.4,0.1,0.6,0.133333333333333,0.48,0.593220338983051,0.545454545454545,0.388888888888889,0.733333333333333,0.469798657718121,0.625592417061611
0.555555555555556,0.45,0.444444444444444,0.454545454545455,0.4,0.5,0.421052631578947,0.476190476190476,0.555555555555556,0.555555555555556,0.555555555555556,0.555555555555556,0.555555555555556,0.555555555555556
0.494444444444444,0.5,0.5,0,1,0,0.666666666666667,0,0.497076023391813,0.444444444444444,0.944444444444444,0.0444444444444444,0.651340996168582,0.0808080808080808
