train_accuracy,test_accuracy,Precision_class1,Precision_class2,Recall_class1,Recall_class2,F1_class1,F1_class2,Precision_class1_train,Precision_class2_train,Recall_class1_train,Recall_class2_train,F1_class1_train,F1_class2_train
0.55,0.55,1,0.526315789473684,0.1,1,0.181818181818182,0.689655172413793,0.655172413793103,0.529801324503311,0.211111111111111,0.888888888888889,0.319327731092437,0.663900414937759
0.472222222222222,0.55,0.555555555555556,0.545454545454545,0.5,0.6,0.526315789473684,0.571428571428571,0.474226804123711,0.469879518072289,0.511111111111111,0.433333333333333,0.491978609625668,0.450867052023121
0.527777777777778,0.5,0.5,0,1,0,0.666666666666667,0,0.514619883040936,0.777777777777778,0.977777777777778,0.0777777777777778,0.674329501915709,0.141414141414141
0.616666666666667,0.45,0.466666666666667,0.4,0.7,0.2,0.56,0.266666666666667,0.582677165354331,0.69811320754717,0.822222222222222,0.411111111111111,0.682027649769585,0.517482517482518
0.566666666666667,0.4,0.416666666666667,0.375,0.5,0.3,0.454545454545455,0.333333333333333,0.554545454545455,0.585714285714286,0.677777777777778,0.455555555555556,0.61,0.5125
0.572222222222222,0.25,0.272727272727273,0.222222222222222,0.3,0.2,0.285714285714286,0.210526315789474,0.555555555555556,0.603174603174603,0.722222222222222,0.422222222222222,0.628019323671498,0.496732026143791
0.555555555555556,0.45,0.454545454545455,0.444444444444444,0.5,0.4,0.476190476190476,0.421052631578947,0.55952380952381,0.552083333333333,0.522222222222222,0.588888888888889,0.540229885057471,0.56989247311828
0.544444444444444,0.5,0.5,0.5,0.7,0.3,0.583333333333333,0.375,0.527397260273973,0.617647058823529,0.855555555555556,0.233333333333333,0.652542372881356,0.338709677419355
0.527777777777778,0.45,0.444444444444444,0.454545454545455,0.4,0.5,0.421052631578947,0.476190476190476,0.537313432835821,0.52212389380531,0.4,0.655555555555556,0.45859872611465,0.58128078817734
0.516666666666667,0.45,0.461538461538462,0.428571428571429,0.6,0.3,0.521739130434783,0.352941176470588,0.518072289156627,0.515463917525773,0.477777777777778,0.555555555555556,0.497109826589595,0.53475935828877
