train_accuracy,test_accuracy,Precision_class1,Precision_class2,Recall_class1,Recall_class2,F1_class1,F1_class2,Precision_class1_train,Precision_class2_train,Recall_class1_train,Recall_class2_train,F1_class1_train,F1_class2_train
0.516666666666667,0.5,0,0.5,0,1,0,0.666666666666667,0.714285714285714,0.508670520231214,0.0555555555555556,0.977777777777778,0.103092783505155,0.669201520912548
0.505555555555556,0.5,0,0.5,0,1,0,0.666666666666667,0.545454545454545,0.502958579881657,0.0666666666666667,0.944444444444444,0.118811881188119,0.656370656370657
0.488888888888889,0.6,0.5625,0.75,0.9,0.3,0.692307692307692,0.428571428571428,0.491071428571429,0.485294117647059,0.611111111111111,0.366666666666667,0.544554455445544,0.417721518987342
0.505555555555556,0.5,0,0.5,0,1,0,0.666666666666667,0.666666666666667,0.502824858757062,0.0222222222222222,0.988888888888889,0.043010752688172,0.666666666666667
0.516666666666667,0.5,0.5,0,1,0,0.666666666666667,0,0.508474576271186,1,1,0.0333333333333333,0.674157303370786,0.0645161290322581
0.544444444444444,0.4,0.4375,0.25,0.7,0.1,0.538461538461538,0.142857142857143,0.527397260273973,0.617647058823529,0.855555555555556,0.233333333333333,0.652542372881356,0.338709677419355
0.516666666666667,0.55,1,0.526315789473684,0.1,1,0.181818181818182,0.689655172413793,1,0.508474576271186,0.0333333333333333,1,0.0645161290322581,0.674157303370786
0.511111111111111,0.45,0.444444444444444,0.454545454545455,0.4,0.5,0.421052631578947,0.476190476190476,0.515625,0.508620689655172,0.366666666666667,0.655555555555556,0.428571428571429,0.572815533980582
0.511111111111111,0.5,0,0.5,0,1,0,0.666666666666667,1,0.50561797752809,0.0222222222222222,1,0.0434782608695652,0.671641791044776
0.483333333333333,0.5,0.5,0.5,0.3,0.7,0.375,0.583333333333333,0.428571428571429,0.490566037735849,0.1,0.866666666666667,0.162162162162162,0.626506024096386
