train_accuracy,test_accuracy,Precision_class1,Precision_class2,Recall_class1,Recall_class2,F1_class1,F1_class2,Precision_class1_train,Precision_class2_train,Recall_class1_train,Recall_class2_train,F1_class1_train,F1_class2_train
0.872222222222222,0.45,0.666666666666667,0.272727272727273,0.428571428571429,0.5,0.521739130434783,0.352941176470588,0.862068965517241,0.881720430107527,0.872093023255814,0.872340425531915,0.867052023121387,0.877005347593583
0.855555555555556,0.55,0.5,0.625,0.666666666666667,0.454545454545455,0.571428571428572,0.526315789473684,0.857142857142857,0.853932584269663,0.857142857142857,0.853932584269663,0.857142857142857,0.853932584269663
0.877777777777778,0.4,0.571428571428571,0.307692307692308,0.307692307692308,0.571428571428571,0.4,0.4,0.882352941176471,0.873684210526316,0.862068965517241,0.89247311827957,0.872093023255814,0.882978723404255
0.9,0.3,0.2,0.6,0.6,0.2,0.3,0.3,0.905263157894737,0.894117647058824,0.905263157894737,0.894117647058824,0.905263157894737,0.894117647058824
0.877777777777778,0.45,0.363636363636364,0.555555555555556,0.5,0.416666666666667,0.421052631578947,0.476190476190476,0.897727272727273,0.858695652173913,0.858695652173913,0.897727272727273,0.877777777777778,0.877777777777778
0.922222222222222,0.55,0.416666666666667,0.75,0.714285714285714,0.461538461538462,0.526315789473684,0.571428571428571,0.934065934065934,0.910112359550562,0.913978494623656,0.931034482758621,0.923913043478261,0.920454545454545
0.866666666666667,0.5,0.416666666666667,0.625,0.625,0.416666666666667,0.5,0.5,0.877777777777778,0.855555555555556,0.858695652173913,0.875,0.868131868131868,0.865168539325843
0.85,0.5,0.625,0.416666666666667,0.416666666666667,0.625,0.5,0.5,0.867469879518072,0.835051546391753,0.818181818181818,0.880434782608696,0.842105263157895,0.857142857142857
0.855555555555556,0.45,0.6,0.4,0.25,0.75,0.352941176470588,0.521739130434783,0.878048780487805,0.836734693877551,0.818181818181818,0.891304347826087,0.847058823529412,0.863157894736842
0.894444444444444,0.35,0.454545454545455,0.222222222222222,0.416666666666667,0.25,0.434782608695652,0.235294117647059,0.905882352941176,0.884210526315789,0.875,0.91304347826087,0.890173410404624,0.898395721925134
