train_accuracy,test_accuracy,Precision_class1,Precision_class2,Recall_class1,Recall_class2,F1_class1,F1_class2,Precision_class1_train,Precision_class2_train,Recall_class1_train,Recall_class2_train,F1_class1_train,F1_class2_train
0.677777777777778,0.5,0.428571428571429,0.538461538461538,0.333333333333333,0.636363636363636,0.375,0.583333333333333,0.726027397260274,0.644859813084112,0.582417582417582,0.775280898876405,0.646341463414634,0.704081632653061
0.733333333333333,0.45,0.5,0.333333333333333,0.636363636363636,0.222222222222222,0.56,0.266666666666667,0.730337078651685,0.736263736263736,0.730337078651685,0.736263736263736,0.730337078651685,0.736263736263736
0.705555555555556,0.65,0.7,0.6,0.636363636363636,0.666666666666667,0.666666666666667,0.631578947368421,0.691489361702128,0.720930232558139,0.730337078651685,0.681318681318681,0.710382513661202,0.700564971751412
0.688888888888889,0.65,0.625,0.666666666666667,0.555555555555556,0.727272727272727,0.588235294117647,0.695652173913043,0.666666666666667,0.72,0.769230769230769,0.606741573033708,0.714285714285714,0.658536585365854
0.705555555555556,0.55,0.5,0.6,0.555555555555556,0.545454545454545,0.526315789473684,0.571428571428571,0.69,0.725,0.758241758241758,0.651685393258427,0.722513089005236,0.686390532544379
0.722222222222222,0.25,0.222222222222222,0.272727272727273,0.2,0.3,0.210526315789474,0.285714285714286,0.708333333333333,0.738095238095238,0.755555555555556,0.688888888888889,0.731182795698925,0.71264367816092
0.677777777777778,0.45,0.333333333333333,0.545454545454545,0.375,0.5,0.352941176470588,0.521739130434783,0.666666666666667,0.692307692307692,0.739130434782609,0.613636363636364,0.701030927835051,0.650602409638554
0.727777777777778,0.5,0.555555555555556,0.454545454545455,0.454545454545455,0.555555555555556,0.5,0.5,0.722222222222222,0.733333333333333,0.730337078651685,0.725274725274725,0.726256983240223,0.729281767955801
0.705555555555556,0.55,0.5,0.583333333333333,0.444444444444444,0.636363636363636,0.470588235294118,0.608695652173913,0.720930232558139,0.691489361702128,0.681318681318681,0.730337078651685,0.700564971751412,0.710382513661202
0.711111111111111,0.5,0.636363636363636,0.333333333333333,0.538461538461538,0.428571428571429,0.583333333333333,0.375,0.692307692307692,0.730337078651685,0.724137931034483,0.698924731182796,0.707865168539326,0.714285714285714
