train_accuracy,test_accuracy,Precision_class1,Precision_class2,Recall_class1,Recall_class2,F1_class1,F1_class2,Precision_class1_train,Precision_class2_train,Recall_class1_train,Recall_class2_train,F1_class1_train,F1_class2_train
0.541666666666667,0.291666666666667,0,0.368421052631579,0,0.583333333333333,0,0.451612903225806,0.615384615384615,0.525423728813559,0.222222222222222,0.861111111111111,0.326530612244898,0.652631578947369
0.532407407407407,0.583333333333333,1,0.545454545454545,0.166666666666667,1,0.285714285714286,0.705882352941176,0.733333333333333,0.517412935323383,0.101851851851852,0.962962962962963,0.178861788617886,0.673139158576052
0.518518518518518,0.5,0.5,0.5,0.916666666666667,0.0833333333333333,0.647058823529412,0.142857142857143,0.509433962264151,1,1,0.037037037037037,0.675,0.0714285714285714
0.509259259259259,0.5,0,0.5,0,1,0,0.666666666666667,0.75,0.504716981132076,0.0277777777777778,0.990740740740741,0.0535714285714286,0.66875
0.509259259259259,0.416666666666667,0,0.454545454545455,0,0.833333333333333,0,0.588235294117647,0.583333333333333,0.504901960784314,0.0648148148148148,0.953703703703704,0.116666666666667,0.66025641025641
0.518518518518518,0.458333333333333,0.333333333333333,0.476190476190476,0.0833333333333333,0.833333333333333,0.133333333333333,0.606060606060606,0.590909090909091,0.510309278350515,0.12037037037037,0.916666666666667,0.2,0.655629139072848
0.509259259259259,0.5,0,0.5,0,1,0,0.666666666666667,1,0.504672897196262,0.0185185185185185,1,0.0363636363636364,0.670807453416149
0.555555555555556,0.541666666666667,0.521739130434783,1,1,0.0833333333333333,0.685714285714286,0.153846153846154,0.53,0.875,0.981481481481482,0.12962962962963,0.688311688311688,0.225806451612903
0.537037037037037,0.583333333333333,0.571428571428571,0.6,0.666666666666667,0.5,0.615384615384615,0.545454545454545,0.538461538461538,0.535714285714286,0.518518518518518,0.555555555555556,0.528301886792453,0.545454545454545
0.513888888888889,0.416666666666667,0.25,0.45,0.0833333333333333,0.75,0.125,0.5625,0.545454545454545,0.508196721311475,0.166666666666667,0.861111111111111,0.25531914893617,0.639175257731959
