train_accuracy,test_accuracy,Precision_class1,Precision_class2,Recall_class1,Recall_class2,F1_class1,F1_class2,Precision_class1_train,Precision_class2_train,Recall_class1_train,Recall_class2_train,F1_class1_train,F1_class2_train
0.555555555555556,0.45,0,0.473684210526316,0,0.9,0,0.620689655172414,0.692307692307692,0.532467532467532,0.2,0.911111111111111,0.310344827586207,0.672131147540984
0.522222222222222,0.5,0.5,0,1,0,0.666666666666667,0,0.512048192771084,0.642857142857143,0.944444444444444,0.1,0.6640625,0.173076923076923
0.511111111111111,0.5,0,0.5,0,1,0,0.666666666666667,1,0.50561797752809,0.0222222222222222,1,0.0434782608695652,0.671641791044776
0.505555555555556,0.5,0,0.5,0,1,0,0.666666666666667,0.666666666666667,0.502824858757062,0.0222222222222222,0.988888888888889,0.043010752688172,0.666666666666667
0.516666666666667,0.5,0.5,0.5,0.2,0.8,0.285714285714286,0.615384615384615,0.555555555555556,0.509803921568627,0.166666666666667,0.866666666666667,0.256410256410256,0.641975308641975
0.544444444444444,0.5,0.5,0.5,0.1,0.9,0.166666666666667,0.642857142857143,1,0.523255813953488,0.0888888888888889,1,0.163265306122449,0.687022900763359
0.561111111111111,0.45,0,0.473684210526316,0,0.9,0,0.620689655172414,0.761904761904762,0.534591194968553,0.177777777777778,0.944444444444444,0.288288288288288,0.682730923694779
0.505555555555556,0.45,0,0.473684210526316,0,0.9,0,0.620689655172414,0.666666666666667,0.502824858757062,0.0222222222222222,0.988888888888889,0.043010752688172,0.666666666666667
0.527777777777778,0.4,0,0.444444444444444,0,0.8,0,0.571428571428571,0.631578947368421,0.515527950310559,0.133333333333333,0.922222222222222,0.220183486238532,0.661354581673307
0.55,0.5,0.5,0.5,0.1,0.9,0.166666666666667,0.642857142857143,0.636363636363636,0.530612244897959,0.233333333333333,0.866666666666667,0.341463414634146,0.658227848101266
