train_accuracy,test_accuracy,Precision_class1,Precision_class2,Recall_class1,Recall_class2,F1_class1,F1_class2,Precision_class1_train,Precision_class2_train,Recall_class1_train,Recall_class2_train,F1_class1_train,F1_class2_train
0.494444444444444,0.6,1,0.555555555555556,0.2,1,0.333333333333333,0.714285714285714,0.333333333333333,0.497175141242938,0.0111111111111111,0.977777777777778,0.021505376344086,0.659176029962547
0.5,0.5,0,0.5,0,1,0,0.666666666666667,0.5,0.5,0.0111111111111111,0.988888888888889,0.0217391304347826,0.664179104477612
0.522222222222222,0.5,0.5,0.5,0.2,0.8,0.285714285714286,0.615384615384615,0.642857142857143,0.512048192771084,0.1,0.944444444444444,0.173076923076923,0.6640625
0.533333333333333,0.5,0.5,0.5,0.1,0.9,0.166666666666667,0.642857142857143,0.8,0.517647058823529,0.0888888888888889,0.977777777777778,0.16,0.676923076923077
0.511111111111111,0.45,0,0.473684210526316,0,0.9,0,0.620689655172414,1,0.50561797752809,0.0222222222222222,1,0.0434782608695652,0.671641791044776
0.511111111111111,0.5,0,0.5,0,1,0,0.666666666666667,0.625,0.505813953488372,0.0555555555555556,0.966666666666667,0.102040816326531,0.66412213740458
0.516666666666667,0.55,1,0.526315789473684,0.1,1,0.181818181818182,0.689655172413793,0.8,0.508571428571429,0.0444444444444444,0.988888888888889,0.0842105263157895,0.671698113207547
0.516666666666667,0.5,0,0.5,0,1,0,0.666666666666667,1,0.508474576271186,0.0333333333333333,1,0.0645161290322581,0.674157303370786
0.511111111111111,0.55,1,0.526315789473684,0.1,1,0.181818181818182,0.689655172413793,1,0.50561797752809,0.0222222222222222,1,0.0434782608695652,0.671641791044776
0.516666666666667,0.5,0,0.5,0,1,0,0.666666666666667,1,0.508474576271186,0.0333333333333333,1,0.0645161290322581,0.674157303370786
