train_accuracy,test_accuracy,Precision_class1,Precision_class2,Recall_class1,Recall_class2,F1_class1,F1_class2,Precision_class1_train,Precision_class2_train,Recall_class1_train,Recall_class2_train,F1_class1_train,F1_class2_train
0.483333333333333,0.5,0.5,0.5,0.4,0.6,0.444444444444444,0.545454545454545,0.480519480519481,0.485436893203884,0.411111111111111,0.555555555555556,0.44311377245509,0.518134715025907
0.527777777777778,0.45,0.473684210526316,0,0.9,0,0.620689655172414,0,0.514792899408284,0.727272727272727,0.966666666666667,0.0888888888888889,0.671814671814672,0.158415841584158
0.522222222222222,0.5,0.5,0.5,0.9,0.1,0.642857142857143,0.166666666666667,0.511627906976744,0.75,0.977777777777778,0.0666666666666667,0.67175572519084,0.122448979591837
0.555555555555556,0.5,0.5,0.5,0.5,0.5,0.5,0.5,0.546296296296296,0.569444444444444,0.655555555555556,0.455555555555556,0.595959595959596,0.506172839506173
0.511111111111111,0.55,0.526315789473684,1,1,0.1,0.689655172413793,0.181818181818182,0.50561797752809,1,1,0.0222222222222222,0.671641791044776,0.0434782608695652
0.544444444444444,0.55,0.526315789473684,1,1,0.1,0.689655172413793,0.181818181818182,0.524691358024691,0.722222222222222,0.944444444444444,0.144444444444444,0.674603174603175,0.240740740740741
0.55,0.55,0.538461538461538,0.571428571428571,0.7,0.4,0.608695652173913,0.470588235294118,0.537190082644628,0.576271186440678,0.722222222222222,0.377777777777778,0.616113744075829,0.456375838926175
0.522222222222222,0.5,0.5,0.5,0.7,0.3,0.583333333333333,0.375,0.518181818181818,0.528571428571429,0.633333333333333,0.411111111111111,0.57,0.4625
0.511111111111111,0.5,0.5,0,1,0,0.666666666666667,0,0.505747126436782,0.666666666666667,0.977777777777778,0.0444444444444444,0.666666666666667,0.0833333333333333
0.555555555555556,0.35,0.384615384615385,0.285714285714286,0.5,0.2,0.434782608695652,0.235294117647059,0.535211267605634,0.631578947368421,0.844444444444444,0.266666666666667,0.655172413793104,0.375
