train_accuracy,test_accuracy,Precision_class1,Precision_class2,Recall_class1,Recall_class2,F1_class1,F1_class2,Precision_class1_train,Precision_class2_train,Recall_class1_train,Recall_class2_train,F1_class1_train,F1_class2_train
0.816666666666667,0.6,0.5,0.7,0.625,0.583333333333333,0.555555555555556,0.636363636363636,0.839080459770115,0.795698924731183,0.793478260869565,0.840909090909091,0.815642458100559,0.81767955801105
0.811111111111111,0.45,0.333333333333333,0.5,0.222222222222222,0.636363636363636,0.266666666666667,0.56,0.860759493670886,0.772277227722772,0.747252747252747,0.876404494382023,0.8,0.821052631578947
0.811111111111111,0.55,0.5,0.583333333333333,0.444444444444444,0.636363636363636,0.470588235294118,0.608695652173913,0.820224719101124,0.802197802197802,0.802197802197802,0.820224719101124,0.811111111111111,0.811111111111111
0.783333333333333,0.65,0.5,0.8,0.714285714285714,0.615384615384615,0.588235294117647,0.695652173913043,0.787234042553192,0.779069767441861,0.795698924731183,0.770114942528736,0.79144385026738,0.774566473988439
0.816666666666667,0.35,0.333333333333333,0.363636363636364,0.3,0.4,0.315789473684211,0.380952380952381,0.813186813186813,0.820224719101124,0.822222222222222,0.811111111111111,0.81767955801105,0.815642458100559
0.822222222222222,0.4,0.666666666666667,0.181818181818182,0.4,0.4,0.5,0.25,0.827160493827161,0.818181818181818,0.788235294117647,0.852631578947368,0.807228915662651,0.835051546391752
0.816666666666667,0.3,0.25,0.333333333333333,0.2,0.4,0.222222222222222,0.363636363636364,0.820224719101124,0.813186813186813,0.811111111111111,0.822222222222222,0.815642458100559,0.81767955801105
0.816666666666667,0.5,0.6,0.4,0.5,0.5,0.545454545454545,0.444444444444444,0.816091954022989,0.817204301075269,0.806818181818182,0.826086956521739,0.811428571428571,0.821621621621622
0.822222222222222,0.5,0.5,0.5,0.5,0.5,0.5,0.5,0.829545454545455,0.815217391304348,0.811111111111111,0.833333333333333,0.820224719101124,0.824175824175824
0.838888888888889,0.45,0.461538461538462,0.428571428571429,0.6,0.3,0.521739130434783,0.352941176470588,0.827956989247312,0.850574712643678,0.855555555555556,0.822222222222222,0.841530054644809,0.836158192090396
