train_accuracy,test_accuracy,Precision_class1,Precision_class2,Recall_class1,Recall_class2,F1_class1,F1_class2,Precision_class1_train,Precision_class2_train,Recall_class1_train,Recall_class2_train,F1_class1_train,F1_class2_train
0.583333333333333,0.4,0.4,0.4,0.4,0.4,0.4,0.4,0.631578947368421,0.560975609756098,0.4,0.766666666666667,0.489795918367347,0.647887323943662
0.577777777777778,0.5,0,0.5,0,1,0,0.666666666666667,0.71875,0.547297297297297,0.255555555555556,0.9,0.377049180327869,0.680672268907563
0.527777777777778,0.65,0.714285714285714,0.615384615384615,0.5,0.8,0.588235294117647,0.695652173913043,0.53968253968254,0.521367521367521,0.377777777777778,0.677777777777778,0.444444444444444,0.589371980676329
0.544444444444444,0.6,0.6,0.6,0.6,0.6,0.6,0.6,0.571428571428571,0.532258064516129,0.355555555555556,0.733333333333333,0.438356164383562,0.616822429906542
0.561111111111111,0.55,0.545454545454545,0.555555555555556,0.6,0.5,0.571428571428571,0.526315789473684,0.553398058252427,0.571428571428571,0.633333333333333,0.488888888888889,0.590673575129534,0.526946107784431
0.55,0.45,0.333333333333333,0.470588235294118,0.1,0.8,0.153846153846154,0.592592592592593,0.645161290322581,0.530201342281879,0.222222222222222,0.877777777777778,0.330578512396694,0.661087866108787
0.544444444444444,0.5,0.5,0.5,0.1,0.9,0.166666666666667,0.642857142857143,0.833333333333333,0.523809523809524,0.111111111111111,0.977777777777778,0.196078431372549,0.682170542635659
0.516666666666667,0.35,0.4,0.2,0.6,0.1,0.48,0.133333333333333,0.510204081632653,0.545454545454545,0.833333333333333,0.2,0.632911392405063,0.292682926829268
0.561111111111111,0.55,0.571428571428571,0.538461538461538,0.4,0.7,0.470588235294118,0.608695652173913,0.575342465753425,0.551401869158878,0.466666666666667,0.655555555555556,0.515337423312883,0.598984771573604
0.611111111111111,0.35,0.333333333333333,0.363636363636364,0.3,0.4,0.315789473684211,0.380952380952381,0.7,0.576923076923077,0.388888888888889,0.833333333333333,0.5,0.681818181818182
