train_accuracy,test_accuracy,Precision_class1,Precision_class2,Recall_class1,Recall_class2,F1_class1,F1_class2,Precision_class1_train,Precision_class2_train,Recall_class1_train,Recall_class2_train,F1_class1_train,F1_class2_train
0.788888888888889,0.85,0.888888888888889,0.818181818181818,0.8,0.9,0.842105263157895,0.857142857142857,0.80952380952381,0.770833333333333,0.755555555555556,0.822222222222222,0.781609195402299,0.795698924731183
0.788888888888889,0.6,0.6,0.6,0.6,0.6,0.6,0.6,0.919354838709677,0.720338983050847,0.633333333333333,0.944444444444444,0.75,0.817307692307692
0.627777777777778,0.6,0.75,0.5625,0.3,0.9,0.428571428571428,0.692307692307692,1,0.573248407643312,0.255555555555556,1,0.407079646017699,0.728744939271255
0.772222222222222,0.65,0.666666666666667,0.636363636363636,0.6,0.7,0.631578947368421,0.666666666666667,0.802469135802469,0.747474747474748,0.722222222222222,0.822222222222222,0.760233918128655,0.783068783068783
0.788888888888889,0.75,0.777777777777778,0.727272727272727,0.7,0.8,0.736842105263158,0.761904761904762,0.833333333333333,0.754901960784314,0.722222222222222,0.855555555555556,0.773809523809524,0.802083333333333
0.772222222222222,0.7,0.7,0.7,0.7,0.7,0.7,0.7,0.781609195402299,0.763440860215054,0.755555555555556,0.788888888888889,0.768361581920904,0.775956284153005
0.772222222222222,0.8,0.8,0.8,0.8,0.8,0.8,0.8,0.810126582278481,0.742574257425743,0.711111111111111,0.833333333333333,0.757396449704142,0.785340314136126
0.722222222222222,0.75,0.777777777777778,0.727272727272727,0.7,0.8,0.736842105263158,0.761904761904762,0.727272727272727,0.717391304347826,0.711111111111111,0.733333333333333,0.719101123595506,0.725274725274725
0.7,0.7,0.833333333333333,0.642857142857143,0.5,0.9,0.625,0.75,0.8,0.65,0.533333333333333,0.866666666666667,0.64,0.742857142857143
0.8,0.65,0.636363636363636,0.666666666666667,0.7,0.6,0.666666666666667,0.631578947368421,0.793478260869565,0.806818181818182,0.811111111111111,0.788888888888889,0.802197802197802,0.797752808988764
