train_accuracy,test_accuracy,Precision_class1,Precision_class2,Recall_class1,Recall_class2,F1_class1,F1_class2,Precision_class1_train,Precision_class2_train,Recall_class1_train,Recall_class2_train,F1_class1_train,F1_class2_train
0.55,0.4,0.428571428571429,0.333333333333333,0.6,0.2,0.5,0.25,0.536585365853659,0.578947368421053,0.733333333333333,0.366666666666667,0.619718309859155,0.448979591836735
0.516666666666667,0.6,1,0.555555555555556,0.2,1,0.333333333333333,0.714285714285714,0.636363636363636,0.50887573964497,0.0777777777777778,0.955555555555556,0.138613861386139,0.664092664092664
0.516666666666667,0.5,0,0.5,0,1,0,0.666666666666667,1,0.508474576271186,0.0333333333333333,1,0.0645161290322581,0.674157303370786
0.511111111111111,0.55,1,0.526315789473684,0.1,1,0.181818181818182,0.689655172413793,0.538461538461538,0.506493506493506,0.155555555555556,0.866666666666667,0.241379310344828,0.639344262295082
0.577777777777778,0.45,0.444444444444444,0.454545454545455,0.4,0.5,0.421052631578947,0.476190476190476,0.583333333333333,0.572916666666667,0.544444444444444,0.611111111111111,0.563218390804598,0.591397849462366
0.538888888888889,0.4,0.4375,0.25,0.7,0.1,0.538461538461538,0.142857142857143,0.52317880794702,0.620689655172414,0.877777777777778,0.2,0.655601659751037,0.302521008403361
0.572222222222222,0.5,0.5,0.5,0.4,0.6,0.444444444444444,0.545454545454545,0.591549295774648,0.559633027522936,0.466666666666667,0.677777777777778,0.521739130434783,0.613065326633166
0.533333333333333,0.55,0.666666666666667,0.529411764705882,0.2,0.9,0.307692307692308,0.666666666666667,0.607142857142857,0.519736842105263,0.188888888888889,0.877777777777778,0.288135593220339,0.652892561983471
0.544444444444444,0.45,0.333333333333333,0.470588235294118,0.1,0.8,0.153846153846154,0.592592592592593,0.722222222222222,0.524691358024691,0.144444444444444,0.944444444444444,0.240740740740741,0.674603174603175
0.511111111111111,0.6,1,0.555555555555556,0.2,1,0.333333333333333,0.714285714285714,0.5625,0.50609756097561,0.1,0.922222222222222,0.169811320754717,0.653543307086614
