train_accuracy,test_accuracy,Precision_class1,Precision_class2,Recall_class1,Recall_class2,F1_class1,F1_class2,Precision_class1_train,Precision_class2_train,Recall_class1_train,Recall_class2_train,F1_class1_train,F1_class2_train
0.527777777777778,0.4,0.444444444444444,0,0.8,0,0.571428571428571,0,0.515337423312883,0.647058823529412,0.933333333333333,0.122222222222222,0.66403162055336,0.205607476635514
0.544444444444444,0.5,0.5,0.5,0.6,0.4,0.545454545454545,0.444444444444444,0.545454545454545,0.543478260869565,0.533333333333333,0.555555555555556,0.539325842696629,0.549450549450549
0.511111111111111,0.45,0.461538461538462,0.428571428571429,0.6,0.3,0.521739130434783,0.352941176470588,0.507936507936508,0.518518518518518,0.711111111111111,0.311111111111111,0.592592592592592,0.388888888888889
0.516666666666667,0.45,0,0.473684210526316,0,0.9,0,0.620689655172414,0.555555555555556,0.509803921568627,0.166666666666667,0.866666666666667,0.256410256410256,0.641975308641975
0.527777777777778,0.4,0.4375,0.25,0.7,0.1,0.538461538461538,0.142857142857143,0.519083969465649,0.551020408163265,0.755555555555556,0.3,0.615384615384615,0.388489208633093
0.533333333333333,0.4,0.444444444444444,0,0.8,0,0.571428571428571,0,0.517647058823529,0.8,0.977777777777778,0.0888888888888889,0.676923076923077,0.16
0.594444444444444,0.55,0.666666666666667,0.529411764705882,0.2,0.9,0.307692307692308,0.666666666666667,0.742857142857143,0.558620689655172,0.288888888888889,0.9,0.416,0.68936170212766
0.588888888888889,0.35,0.285714285714286,0.384615384615385,0.2,0.5,0.235294117647059,0.434782608695652,0.597560975609756,0.581632653061224,0.544444444444444,0.633333333333333,0.569767441860465,0.606382978723404
0.544444444444444,0.55,0.545454545454545,0.555555555555556,0.6,0.5,0.571428571428571,0.526315789473684,0.531746031746032,0.574074074074074,0.744444444444444,0.344444444444444,0.62037037037037,0.430555555555556
0.544444444444444,0.4,0.375,0.416666666666667,0.3,0.5,0.333333333333333,0.454545454545455,0.576923076923077,0.53125,0.333333333333333,0.755555555555556,0.422535211267606,0.623853211009174
