train_accuracy,test_accuracy,Precision_class1,Precision_class2,Recall_class1,Recall_class2,F1_class1,F1_class2,Precision_class1_train,Precision_class2_train,Recall_class1_train,Recall_class2_train,F1_class1_train,F1_class2_train
0.861111111111111,0.85,0.818181818181818,0.888888888888889,0.9,0.8,0.857142857142857,0.842105263157895,0.803738317757009,0.945205479452055,0.955555555555556,0.766666666666667,0.873096446700508,0.846625766871166
0.9,0.9,1,0.833333333333333,0.8,1,0.888888888888889,0.909090909090909,0.846153846153846,0.973684210526316,0.977777777777778,0.822222222222222,0.907216494845361,0.891566265060241
0.9,1,1,1,1,1,1,1,0.909090909090909,0.891304347826087,0.888888888888889,0.911111111111111,0.898876404494382,0.901098901098901
0.855555555555556,0.8,0.75,0.875,0.9,0.7,0.818181818181818,0.777777777777778,0.80188679245283,0.932432432432432,0.944444444444444,0.766666666666667,0.86734693877551,0.841463414634146
0.888888888888889,0.75,0.666666666666667,1,1,0.5,0.8,0.666666666666667,0.824074074074074,0.986111111111111,0.988888888888889,0.788888888888889,0.898989898989899,0.876543209876543
0.927777777777778,0.9,0.9,0.9,0.9,0.9,0.9,0.9,0.932584269662921,0.923076923076923,0.922222222222222,0.933333333333333,0.927374301675978,0.928176795580111
0.861111111111111,0.9,0.833333333333333,1,1,0.8,0.909090909090909,0.888888888888889,0.798165137614679,0.957746478873239,0.966666666666667,0.755555555555556,0.874371859296482,0.84472049689441
0.911111111111111,0.75,0.692307692307692,0.857142857142857,0.9,0.6,0.782608695652174,0.705882352941176,0.855769230769231,0.986842105263158,0.988888888888889,0.833333333333333,0.917525773195876,0.903614457831325
0.861111111111111,0.9,0.9,0.9,0.9,0.9,0.9,0.9,0.798165137614679,0.957746478873239,0.966666666666667,0.755555555555556,0.874371859296482,0.84472049689441
0.922222222222222,0.9,0.9,0.9,0.9,0.9,0.9,0.9,0.904255319148936,0.941860465116279,0.944444444444444,0.9,0.923913043478261,0.920454545454546
