train_accuracy,test_accuracy,Precision_class1,Precision_class2,Recall_class1,Recall_class2,F1_class1,F1_class2,Precision_class1_train,Precision_class2_train,Recall_class1_train,Recall_class2_train,F1_class1_train,F1_class2_train
0.911111111111111,0.65,0.545454545454545,0.777777777777778,0.75,0.583333333333333,0.631578947368421,0.666666666666667,0.931818181818182,0.891304347826087,0.891304347826087,0.931818181818182,0.911111111111111,0.911111111111111
0.927777777777778,0.5,0.5,0.5,0.4,0.6,0.444444444444444,0.545454545454545,0.932584269662921,0.923076923076923,0.922222222222222,0.933333333333333,0.927374301675978,0.928176795580111
0.938888888888889,0.65,0.636363636363636,0.666666666666667,0.7,0.6,0.666666666666667,0.631578947368421,0.964705882352941,0.91578947368421,0.911111111111111,0.966666666666667,0.937142857142857,0.940540540540541
0.927777777777778,0.6,0.5,0.7,0.625,0.583333333333333,0.555555555555556,0.636363636363636,0.924731182795699,0.931034482758621,0.934782608695652,0.920454545454545,0.92972972972973,0.925714285714286
0.916666666666667,0.5,0.5,0.5,0.4,0.6,0.444444444444444,0.545454545454545,0.894736842105263,0.941176470588235,0.944444444444444,0.888888888888889,0.918918918918919,0.914285714285714
0.933333333333333,0.6,0.666666666666667,0.5,0.666666666666667,0.5,0.666666666666667,0.5,0.931818181818182,0.934782608695652,0.931818181818182,0.934782608695652,0.931818181818182,0.934782608695652
0.916666666666667,0.55,0.555555555555556,0.545454545454545,0.5,0.6,0.526315789473684,0.571428571428571,0.941176470588235,0.894736842105263,0.888888888888889,0.944444444444444,0.914285714285714,0.918918918918919
0.927777777777778,0.55,0.6,0.5,0.545454545454545,0.555555555555556,0.571428571428571,0.526315789473684,0.922222222222222,0.933333333333333,0.932584269662921,0.923076923076923,0.927374301675978,0.928176795580111
0.927777777777778,0.55,0.636363636363636,0.444444444444444,0.583333333333333,0.5,0.608695652173913,0.470588235294118,0.921348314606742,0.934065934065934,0.931818181818182,0.923913043478261,0.926553672316384,0.92896174863388
0.877777777777778,0.5,0.444444444444444,0.545454545454545,0.444444444444444,0.545454545454545,0.444444444444444,0.545454545454545,0.948051948051948,0.825242718446602,0.802197802197802,0.955056179775281,0.869047619047619,0.885416666666667
