train_accuracy,test_accuracy,Precision_class1,Precision_class2,Recall_class1,Recall_class2,F1_class1,F1_class2,Precision_class1_train,Precision_class2_train,Recall_class1_train,Recall_class2_train,F1_class1_train,F1_class2_train
0.810185185185185,0.375,0.583333333333333,0.166666666666667,0.411764705882353,0.285714285714286,0.482758620689655,0.210526315789474,0.86046511627907,0.776923076923077,0.718446601941748,0.893805309734513,0.783068783068783,0.831275720164609
0.763888888888889,0.5,0.529411764705882,0.428571428571429,0.692307692307692,0.272727272727273,0.6,0.333333333333333,0.791666666666667,0.741666666666667,0.710280373831776,0.81651376146789,0.748768472906404,0.777292576419214
0.787037037037037,0.5,0.615384615384615,0.363636363636364,0.533333333333333,0.444444444444444,0.571428571428572,0.4,0.831460674157303,0.755905511811024,0.704761904761905,0.864864864864865,0.762886597938144,0.80672268907563
0.800925925925926,0.5,0.444444444444444,0.533333333333333,0.363636363636364,0.615384615384615,0.4,0.571428571428572,0.805555555555556,0.796296296296296,0.798165137614679,0.803738317757009,0.80184331797235,0.8
0.777777777777778,0.5,0.636363636363636,0.384615384615385,0.466666666666667,0.555555555555556,0.538461538461539,0.454545454545455,0.793814432989691,0.764705882352941,0.733333333333333,0.81981981981982,0.762376237623762,0.791304347826087
0.717592592592593,0.75,0.7,0.785714285714286,0.7,0.785714285714286,0.7,0.785714285714286,0.733333333333333,0.702702702702703,0.7,0.735849056603774,0.716279069767442,0.71889400921659
0.768518518518518,0.375,0.375,0.375,0.545454545454545,0.230769230769231,0.444444444444444,0.285714285714286,0.775700934579439,0.761467889908257,0.761467889908257,0.775700934579439,0.768518518518518,0.768518518518518
0.787037037037037,0.5,0.461538461538462,0.545454545454545,0.545454545454545,0.461538461538462,0.5,0.5,0.818181818181818,0.760683760683761,0.743119266055046,0.831775700934579,0.778846153846154,0.794642857142857
0.796296296296296,0.541666666666667,0.363636363636364,0.692307692307692,0.5,0.5625,0.421052631578947,0.620689655172414,0.803571428571429,0.788461538461538,0.803571428571429,0.788461538461538,0.803571428571429,0.788461538461538
0.768518518518518,0.416666666666667,0.272727272727273,0.538461538461538,0.333333333333333,0.466666666666667,0.3,0.5,0.774774774774775,0.761904761904762,0.774774774774775,0.761904761904762,0.774774774774775,0.761904761904762
