train_accuracy,test_accuracy,Precision_class1,Precision_class2,Recall_class1,Recall_class2,F1_class1,F1_class2,Precision_class1_train,Precision_class2_train,Recall_class1_train,Recall_class2_train,F1_class1_train,F1_class2_train
0.916666666666667,0.75,0.8,0.7,0.727272727272727,0.777777777777778,0.761904761904762,0.736842105263158,0.951219512195122,0.887755102040816,0.876404494382023,0.956043956043956,0.912280701754386,0.920634920634921
0.905555555555556,0.55,0.7,0.4,0.538461538461538,0.571428571428571,0.608695652173913,0.470588235294118,0.906976744186046,0.904255319148936,0.896551724137931,0.913978494623656,0.901734104046243,0.909090909090909
0.911111111111111,0.7,0.615384615384615,0.857142857142857,0.888888888888889,0.545454545454545,0.727272727272727,0.666666666666667,0.951807228915663,0.876288659793814,0.868131868131868,0.955056179775281,0.908045977011494,0.913978494623656
0.883333333333333,0.5,0.461538461538462,0.571428571428571,0.666666666666667,0.363636363636364,0.545454545454546,0.444444444444444,0.897727272727273,0.869565217391304,0.868131868131868,0.898876404494382,0.88268156424581,0.883977900552486
0.872222222222222,0.65,0.555555555555556,0.727272727272727,0.625,0.666666666666667,0.588235294117647,0.695652173913043,0.879120879120879,0.865168539325843,0.869565217391304,0.875,0.87431693989071,0.870056497175141
0.894444444444444,0.55,0.555555555555556,0.545454545454545,0.5,0.6,0.526315789473684,0.571428571428571,0.898876404494382,0.89010989010989,0.888888888888889,0.9,0.893854748603352,0.895027624309392
0.872222222222222,0.65,1,0.533333333333333,0.416666666666667,1,0.588235294117647,0.695652173913044,0.857142857142857,0.887640449438202,0.886363636363636,0.858695652173913,0.871508379888268,0.87292817679558
0.894444444444444,0.65,0.6,0.7,0.666666666666667,0.636363636363636,0.631578947368421,0.666666666666667,0.891304347826087,0.897727272727273,0.901098901098901,0.887640449438202,0.896174863387978,0.892655367231638
0.894444444444444,0.65,0.7,0.6,0.636363636363636,0.666666666666667,0.666666666666667,0.631578947368421,0.926829268292683,0.86734693877551,0.853932584269663,0.934065934065934,0.888888888888889,0.899470899470899
0.888888888888889,0.5,0.428571428571429,0.666666666666667,0.75,0.333333333333333,0.545454545454545,0.444444444444444,0.875,0.904761904761905,0.91304347826087,0.863636363636364,0.893617021276596,0.883720930232558
