train_accuracy,test_accuracy,Precision_class1,Precision_class2,Recall_class1,Recall_class2,F1_class1,F1_class2,Precision_class1_train,Precision_class2_train,Recall_class1_train,Recall_class2_train,F1_class1_train,F1_class2_train
0.811111111111111,0.5,0.5,0.5,0.4,0.6,0.444444444444444,0.545454545454545,0.825581395348837,0.797872340425532,0.788888888888889,0.833333333333333,0.806818181818182,0.815217391304348
0.855555555555556,0.55,0.583333333333333,0.5,0.636363636363636,0.444444444444444,0.608695652173913,0.470588235294118,0.870588235294118,0.842105263157895,0.831460674157303,0.879120879120879,0.850574712643678,0.860215053763441
0.816666666666667,0.35,0.4,0.2,0.6,0.1,0.48,0.133333333333333,0.835294117647059,0.8,0.788888888888889,0.844444444444444,0.811428571428571,0.821621621621622
0.844444444444444,0.4,0.428571428571429,0.384615384615385,0.272727272727273,0.555555555555556,0.333333333333333,0.454545454545455,0.858823529411765,0.831578947368421,0.820224719101124,0.868131868131868,0.839080459770115,0.849462365591398
0.811111111111111,0.5,0.466666666666667,0.6,0.777777777777778,0.272727272727273,0.583333333333333,0.375,0.851851851851852,0.777777777777778,0.758241758241758,0.865168539325843,0.802325581395349,0.819148936170213
0.8,0.5,0.454545454545455,0.555555555555556,0.555555555555556,0.454545454545455,0.5,0.5,0.808988764044944,0.791208791208791,0.791208791208791,0.808988764044944,0.8,0.8
0.833333333333333,0.45,0.5,0.416666666666667,0.363636363636364,0.555555555555556,0.421052631578947,0.476190476190476,0.831460674157303,0.835164835164835,0.831460674157303,0.835164835164835,0.831460674157303,0.835164835164835
0.838888888888889,0.4,0.454545454545455,0.333333333333333,0.454545454545455,0.333333333333333,0.454545454545455,0.333333333333333,0.857142857142857,0.822916666666667,0.808988764044944,0.868131868131868,0.832369942196532,0.844919786096257
0.85,0.45,0.416666666666667,0.5,0.555555555555556,0.363636363636364,0.476190476190476,0.421052631578947,0.863636363636364,0.83695652173913,0.835164835164835,0.865168539325843,0.849162011173184,0.850828729281768
0.822222222222222,0.6,0.545454545454545,0.666666666666667,0.666666666666667,0.545454545454545,0.6,0.6,0.831460674157303,0.813186813186813,0.813186813186813,0.831460674157303,0.822222222222222,0.822222222222222
