train_accuracy,test_accuracy,Precision_class1,Precision_class2,Recall_class1,Recall_class2,F1_class1,F1_class2,Precision_class1_train,Precision_class2_train,Recall_class1_train,Recall_class2_train,F1_class1_train,F1_class2_train
0.822222222222222,0.65,0.75,0.625,0.333333333333333,0.909090909090909,0.461538461538462,0.740740740740741,0.810526315789474,0.835294117647059,0.846153846153846,0.797752808988764,0.827956989247312,0.816091954022988
0.872222222222222,0.8,0.666666666666667,1,1,0.666666666666667,0.8,0.8,0.887640449438202,0.857142857142857,0.858695652173913,0.886363636363636,0.87292817679558,0.871508379888268
0.8,0.8,0.777777777777778,0.818181818181818,0.777777777777778,0.818181818181818,0.777777777777778,0.818181818181818,0.789473684210526,0.811764705882353,0.824175824175824,0.775280898876405,0.806451612903226,0.793103448275862
0.8,0.4,0.3,0.5,0.375,0.416666666666667,0.333333333333333,0.454545454545455,0.811111111111111,0.788888888888889,0.793478260869565,0.806818181818182,0.802197802197802,0.797752808988764
0.838888888888889,0.5,0.5,0.5,0.7,0.3,0.583333333333333,0.375,0.801980198019802,0.886075949367089,0.9,0.777777777777778,0.848167539267016,0.828402366863905
0.861111111111111,0.65,0.75,0.583333333333333,0.545454545454545,0.777777777777778,0.631578947368421,0.666666666666667,0.863636363636364,0.858695652173913,0.853932584269663,0.868131868131868,0.858757062146893,0.863387978142077
0.861111111111111,0.45,0.25,0.5,0.111111111111111,0.727272727272727,0.153846153846154,0.592592592592593,0.858695652173913,0.863636363636364,0.868131868131868,0.853932584269663,0.863387978142077,0.858757062146893
0.838888888888889,0.75,0.727272727272727,0.777777777777778,0.8,0.7,0.761904761904762,0.736842105263158,0.835164835164835,0.842696629213483,0.844444444444444,0.833333333333333,0.839779005524862,0.837988826815642
0.822222222222222,0.65,0.777777777777778,0.545454545454545,0.583333333333333,0.75,0.666666666666667,0.631578947368421,0.85,0.8,0.772727272727273,0.869565217391304,0.80952380952381,0.833333333333333
0.827777777777778,0.7,0.9,0.5,0.642857142857143,0.833333333333333,0.75,0.625,0.831325301204819,0.824742268041237,0.802325581395349,0.851063829787234,0.816568047337278,0.837696335078534
