train_accuracy,test_accuracy,Precision_class1,Precision_class2,Recall_class1,Recall_class2,F1_class1,F1_class2,Precision_class1_train,Precision_class2_train,Recall_class1_train,Recall_class2_train,F1_class1_train,F1_class2_train
0.9,0.65,0.5,0.75,0.571428571428571,0.692307692307692,0.533333333333333,0.72,0.903225806451613,0.896551724137931,0.903225806451613,0.896551724137931,0.903225806451613,0.896551724137931
0.905555555555556,0.7,1,0.454545454545455,0.6,1,0.75,0.625,0.895348837209302,0.914893617021277,0.905882352941176,0.905263157894737,0.900584795321637,0.91005291005291
0.922222222222222,0.7,0.636363636363636,0.777777777777778,0.777777777777778,0.636363636363636,0.7,0.7,0.896907216494845,0.951807228915663,0.956043956043956,0.887640449438202,0.925531914893617,0.918604651162791
0.894444444444444,0.5,0.5,0.5,0.4,0.6,0.444444444444444,0.545454545454545,0.865979381443299,0.927710843373494,0.933333333333333,0.855555555555556,0.898395721925134,0.890173410404624
0.9,0.5,0.666666666666667,0.363636363636364,0.461538461538462,0.571428571428571,0.545454545454546,0.444444444444444,0.896551724137931,0.903225806451613,0.896551724137931,0.903225806451613,0.896551724137931,0.903225806451613
0.894444444444444,0.6,0.555555555555556,0.636363636363636,0.555555555555556,0.636363636363636,0.555555555555556,0.636363636363636,0.875,0.916666666666667,0.923076923076923,0.865168539325843,0.898395721925134,0.890173410404624
0.9,0.65,0.4,0.733333333333333,0.333333333333333,0.785714285714286,0.363636363636364,0.758620689655172,0.91304347826087,0.886363636363636,0.893617021276596,0.906976744186046,0.903225806451613,0.896551724137931
0.894444444444444,0.6,0.583333333333333,0.625,0.7,0.5,0.636363636363636,0.555555555555556,0.865979381443299,0.927710843373494,0.933333333333333,0.855555555555556,0.898395721925134,0.890173410404624
0.905555555555556,0.6,0.5,0.75,0.75,0.5,0.6,0.6,0.894736842105263,0.917647058823529,0.923913043478261,0.886363636363636,0.909090909090909,0.901734104046243
0.872222222222222,0.5,0.666666666666667,0.363636363636364,0.461538461538462,0.571428571428571,0.545454545454546,0.444444444444444,0.840425531914894,0.906976744186046,0.908045977011494,0.838709677419355,0.87292817679558,0.871508379888268
