train_accuracy,test_accuracy,Precision_class1,Precision_class2,Recall_class1,Recall_class2,F1_class1,F1_class2,Precision_class1_train,Precision_class2_train,Recall_class1_train,Recall_class2_train,F1_class1_train,F1_class2_train
0.711111111111111,0.4,0.428571428571429,0.333333333333333,0.6,0.2,0.5,0.25,0.726190476190476,0.697916666666667,0.677777777777778,0.744444444444444,0.701149425287356,0.720430107526882
0.716666666666667,0.6,0.555555555555556,0.636363636363636,0.555555555555556,0.636363636363636,0.555555555555556,0.636363636363636,0.708333333333333,0.726190476190476,0.747252747252747,0.685393258426966,0.727272727272727,0.705202312138728
0.727777777777778,0.35,0.5,0.285714285714286,0.230769230769231,0.571428571428571,0.315789473684211,0.380952380952381,0.720930232558139,0.734042553191489,0.71264367816092,0.741935483870968,0.716763005780347,0.737967914438503
0.738888888888889,0.75,0.75,0.75,0.666666666666667,0.818181818181818,0.705882352941177,0.782608695652174,0.761904761904762,0.71875,0.703296703296703,0.775280898876405,0.731428571428571,0.745945945945946
0.733333333333333,0.4,0.333333333333333,0.428571428571429,0.2,0.6,0.25,0.5,0.7625,0.71,0.677777777777778,0.788888888888889,0.717647058823529,0.747368421052632
0.744444444444444,0.55,0.454545454545455,0.666666666666667,0.625,0.5,0.526315789473684,0.571428571428572,0.794871794871795,0.705882352941177,0.673913043478261,0.818181818181818,0.729411764705882,0.757894736842105
0.744444444444444,0.4,0.4,0.4,0.666666666666667,0.181818181818182,0.5,0.25,0.741935483870968,0.747126436781609,0.758241758241758,0.730337078651685,0.75,0.738636363636364
0.772222222222222,0.35,0.222222222222222,0.454545454545455,0.25,0.416666666666667,0.235294117647059,0.434782608695652,0.8,0.747368421052632,0.739130434782609,0.806818181818182,0.768361581920904,0.775956284153005
0.777777777777778,0.5,0.75,0.333333333333333,0.428571428571429,0.666666666666667,0.545454545454545,0.444444444444444,0.802631578947368,0.759615384615385,0.709302325581395,0.840425531914894,0.753086419753086,0.797979797979798
0.744444444444444,0.5,0.5,0.5,0.2,0.8,0.285714285714286,0.615384615384615,0.739130434782609,0.75,0.755555555555556,0.733333333333333,0.747252747252747,0.741573033707865
