train_accuracy,test_accuracy,Precision_class1,Precision_class2,Recall_class1,Recall_class2,F1_class1,F1_class2,Precision_class1_train,Precision_class2_train,Recall_class1_train,Recall_class2_train,F1_class1_train,F1_class2_train
0.794444444444444,0.6,0.636363636363636,0.555555555555556,0.636363636363636,0.555555555555556,0.636363636363636,0.555555555555556,0.795454545454545,0.793478260869565,0.786516853932584,0.802197802197802,0.790960451977401,0.797814207650273
0.805555555555556,0.7,0.666666666666667,0.714285714285714,0.5,0.833333333333333,0.571428571428572,0.769230769230769,0.843373493975904,0.77319587628866,0.760869565217391,0.852272727272727,0.8,0.810810810810811
0.811111111111111,0.5,0.416666666666667,0.625,0.625,0.416666666666667,0.5,0.5,0.808510638297872,0.813953488372093,0.826086956521739,0.795454545454545,0.817204301075269,0.804597701149425
0.838888888888889,0.4,0.555555555555556,0.272727272727273,0.384615384615385,0.428571428571429,0.454545454545455,0.333333333333333,0.8625,0.82,0.793103448275862,0.881720430107527,0.826347305389222,0.849740932642487
0.816666666666667,0.6,0.666666666666667,0.545454545454545,0.545454545454545,0.666666666666667,0.6,0.6,0.811111111111111,0.822222222222222,0.820224719101124,0.813186813186813,0.815642458100559,0.81767955801105
0.811111111111111,0.5,0.444444444444444,0.545454545454545,0.444444444444444,0.545454545454545,0.444444444444444,0.545454545454545,0.813186813186813,0.808988764044944,0.813186813186813,0.808988764044944,0.813186813186813,0.808988764044944
0.816666666666667,0.5,0.416666666666667,0.625,0.625,0.416666666666667,0.5,0.5,0.804123711340206,0.831325301204819,0.847826086956522,0.784090909090909,0.825396825396825,0.807017543859649
0.794444444444444,0.65,0.666666666666667,0.625,0.727272727272727,0.555555555555556,0.695652173913043,0.588235294117647,0.825,0.77,0.741573033707865,0.846153846153846,0.781065088757396,0.806282722513089
0.766666666666667,0.45,0.571428571428571,0.384615384615385,0.333333333333333,0.625,0.421052631578947,0.476190476190476,0.755555555555556,0.777777777777778,0.772727272727273,0.760869565217391,0.764044943820225,0.769230769230769
0.805555555555556,0.55,0.5,0.625,0.666666666666667,0.454545454545455,0.571428571428572,0.526315789473684,0.825581395348837,0.787234042553192,0.78021978021978,0.831460674157303,0.80225988700565,0.808743169398907
