train_accuracy,test_accuracy,Precision_class1,Precision_class2,Recall_class1,Recall_class2,F1_class1,F1_class2,Precision_class1_train,Precision_class2_train,Recall_class1_train,Recall_class2_train,F1_class1_train,F1_class2_train
0.861111111111111,0.65,0.857142857142857,0.538461538461538,0.5,0.875,0.631578947368421,0.666666666666667,0.89873417721519,0.831683168316832,0.806818181818182,0.91304347826087,0.850299401197605,0.870466321243523
0.844444444444444,0.45,0.333333333333333,0.545454545454545,0.375,0.5,0.352941176470588,0.521739130434783,0.847826086956522,0.840909090909091,0.847826086956522,0.840909090909091,0.847826086956522,0.840909090909091
0.85,0.55,0.583333333333333,0.5,0.636363636363636,0.444444444444444,0.608695652173913,0.470588235294118,0.844444444444444,0.855555555555556,0.853932584269663,0.846153846153846,0.849162011173184,0.850828729281768
0.877777777777778,0.5,0.545454545454545,0.444444444444444,0.545454545454545,0.444444444444444,0.545454545454545,0.444444444444444,0.876404494382023,0.879120879120879,0.876404494382023,0.879120879120879,0.876404494382023,0.879120879120879
0.85,0.6,0.5,0.642857142857143,0.375,0.75,0.428571428571429,0.692307692307692,0.865168539325843,0.835164835164835,0.83695652173913,0.863636363636364,0.850828729281768,0.849162011173184
0.822222222222222,0.5,0.5,0.5,0.4,0.6,0.444444444444444,0.545454545454545,0.853658536585366,0.795918367346939,0.777777777777778,0.866666666666667,0.813953488372093,0.829787234042553
0.855555555555556,0.4,0.5,0.25,0.5,0.25,0.5,0.25,0.907894736842105,0.817307692307692,0.784090909090909,0.923913043478261,0.841463414634146,0.86734693877551
0.866666666666667,0.6,0.5,0.7,0.625,0.583333333333333,0.555555555555556,0.636363636363636,0.854166666666667,0.880952380952381,0.891304347826087,0.840909090909091,0.872340425531915,0.86046511627907
0.827777777777778,0.75,0.636363636363636,0.888888888888889,0.875,0.666666666666667,0.736842105263158,0.761904761904762,0.814432989690722,0.843373493975904,0.858695652173913,0.795454545454545,0.835978835978836,0.818713450292398
0.855555555555556,0.5,0.6,0.4,0.5,0.5,0.545454545454545,0.444444444444444,0.844444444444444,0.866666666666667,0.863636363636364,0.847826086956522,0.853932584269663,0.857142857142857
