train_accuracy,test_accuracy,Precision_class1,Precision_class2,Recall_class1,Recall_class2,F1_class1,F1_class2,Precision_class1_train,Precision_class2_train,Recall_class1_train,Recall_class2_train,F1_class1_train,F1_class2_train
0.783333333333333,0.4,0.5,0.357142857142857,0.25,0.625,0.333333333333333,0.454545454545455,0.775280898876405,0.791208791208791,0.784090909090909,0.782608695652174,0.779661016949153,0.786885245901639
0.833333333333333,0.45,0.642857142857143,0,0.6,0,0.620689655172414,0,0.848101265822785,0.821782178217822,0.788235294117647,0.873684210526316,0.817073170731707,0.846938775510204
0.794444444444444,0.65,0.777777777777778,0.545454545454545,0.583333333333333,0.75,0.666666666666667,0.631578947368421,0.786516853932584,0.802197802197802,0.795454545454545,0.793478260869565,0.790960451977401,0.797814207650273
0.827777777777778,0.5,0.272727272727273,0.777777777777778,0.6,0.466666666666667,0.375,0.583333333333333,0.833333333333333,0.821428571428571,0.842105263157895,0.811764705882353,0.837696335078534,0.816568047337278
0.827777777777778,0.5,0.6,0.4,0.5,0.5,0.545454545454545,0.444444444444444,0.843373493975904,0.814432989690722,0.795454545454545,0.858695652173913,0.818713450292398,0.835978835978836
0.838888888888889,0.55,0.571428571428571,0.538461538461538,0.4,0.7,0.470588235294118,0.608695652173913,0.850574712643678,0.827956989247312,0.822222222222222,0.855555555555556,0.836158192090396,0.841530054644809
0.816666666666667,0.55,0.583333333333333,0.5,0.636363636363636,0.444444444444444,0.608695652173913,0.470588235294118,0.85,0.79,0.764044943820225,0.868131868131868,0.804733727810651,0.827225130890052
0.772222222222222,0.45,0.333333333333333,0.545454545454545,0.375,0.5,0.352941176470588,0.521739130434783,0.807228915662651,0.742268041237113,0.728260869565217,0.818181818181818,0.765714285714286,0.778378378378378
0.783333333333333,0.55,0.5,0.666666666666667,0.777777777777778,0.363636363636364,0.608695652173913,0.470588235294118,0.802325581395349,0.765957446808511,0.758241758241758,0.808988764044944,0.779661016949152,0.786885245901639
0.861111111111111,0.4,0.25,0.625,0.5,0.357142857142857,0.333333333333333,0.454545454545455,0.863157894736842,0.858823529411765,0.872340425531915,0.848837209302326,0.867724867724868,0.853801169590643
