train_accuracy,test_accuracy,Precision_class1,Precision_class2,Recall_class1,Recall_class2,F1_class1,F1_class2,Precision_class1_train,Precision_class2_train,Recall_class1_train,Recall_class2_train,F1_class1_train,F1_class2_train
0.759259259259259,0.541666666666667,0.545454545454545,0.538461538461538,0.5,0.583333333333333,0.521739130434783,0.56,0.754545454545455,0.764150943396226,0.768518518518518,0.75,0.761467889908257,0.757009345794393
0.722222222222222,0.458333333333333,0.444444444444444,0.5,0.727272727272727,0.230769230769231,0.551724137931034,0.315789473684211,0.678832116788321,0.79746835443038,0.853211009174312,0.588785046728972,0.75609756097561,0.67741935483871
0.731481481481482,0.416666666666667,0.333333333333333,0.5,0.4,0.428571428571429,0.363636363636364,0.461538461538462,0.720338983050847,0.744897959183674,0.772727272727273,0.688679245283019,0.745614035087719,0.715686274509804
0.726851851851852,0.5,0.454545454545455,0.538461538461538,0.454545454545455,0.538461538461538,0.454545454545455,0.538461538461538,0.719298245614035,0.735294117647059,0.752293577981651,0.700934579439252,0.73542600896861,0.717703349282297
0.74537037037037,0.375,0.384615384615385,0.363636363636364,0.416666666666667,0.333333333333333,0.4,0.347826086956522,0.738738738738739,0.752380952380952,0.759259259259259,0.731481481481482,0.748858447488584,0.741784037558686
0.680555555555556,0.583333333333333,0.666666666666667,0.533333333333333,0.461538461538462,0.727272727272727,0.545454545454546,0.615384615384615,0.686274509803922,0.675438596491228,0.654205607476635,0.706422018348624,0.669856459330143,0.690582959641255
0.736111111111111,0.416666666666667,0.272727272727273,0.538461538461538,0.333333333333333,0.466666666666667,0.3,0.5,0.714285714285714,0.766666666666667,0.810810810810811,0.657142857142857,0.759493670886076,0.707692307692308
0.703703703703704,0.666666666666667,0.6875,0.625,0.785714285714286,0.5,0.733333333333333,0.555555555555556,0.69811320754717,0.709090909090909,0.69811320754717,0.709090909090909,0.69811320754717,0.709090909090909
0.726851851851852,0.583333333333333,0.75,0.416666666666667,0.5625,0.625,0.642857142857143,0.5,0.722772277227723,0.730434782608696,0.701923076923077,0.75,0.712195121951219,0.740088105726872
0.75462962962963,0.5,0.5,0.5,0.5,0.5,0.5,0.5,0.739130434782609,0.772277227722772,0.787037037037037,0.722222222222222,0.762331838565023,0.746411483253589
