train_accuracy,test_accuracy,Precision_class1,Precision_class2,Recall_class1,Recall_class2,F1_class1,F1_class2,Precision_class1_train,Precision_class2_train,Recall_class1_train,Recall_class2_train,F1_class1_train,F1_class2_train
0.722222222222222,0.458333333333333,0.833333333333333,0.333333333333333,0.294117647058824,0.857142857142857,0.434782608695652,0.48,0.747126436781609,0.705426356589147,0.631067961165049,0.805309734513274,0.684210526315789,0.752066115702479
0.740740740740741,0.666666666666667,0.647058823529412,0.714285714285714,0.846153846153846,0.454545454545455,0.733333333333333,0.555555555555556,0.747572815533981,0.734513274336283,0.719626168224299,0.761467889908257,0.733333333333333,0.747747747747748
0.712962962962963,0.375,0.5,0.333333333333333,0.2,0.666666666666667,0.285714285714286,0.444444444444444,0.721649484536082,0.705882352941177,0.666666666666667,0.756756756756757,0.693069306930693,0.730434782608696
0.759259259259259,0.541666666666667,0.5,0.571428571428571,0.454545454545455,0.615384615384615,0.476190476190476,0.592592592592593,0.776699029126214,0.743362831858407,0.73394495412844,0.785046728971963,0.754716981132076,0.763636363636364
0.759259259259259,0.583333333333333,0.692307692307692,0.454545454545455,0.6,0.555555555555556,0.642857142857143,0.5,0.767676767676768,0.752136752136752,0.723809523809524,0.792792792792793,0.745098039215686,0.771929824561404
0.662037037037037,0.5,0.375,0.5625,0.3,0.642857142857143,0.333333333333333,0.6,0.658119658119658,0.666666666666667,0.7,0.622641509433962,0.6784140969163,0.64390243902439
0.74537037037037,0.5,0.461538461538462,0.545454545454545,0.545454545454545,0.461538461538462,0.5,0.5,0.75,0.740740740740741,0.743119266055046,0.747663551401869,0.746543778801843,0.744186046511628
0.74537037037037,0.416666666666667,0.333333333333333,0.466666666666667,0.272727272727273,0.538461538461538,0.3,0.5,0.745454545454545,0.745283018867924,0.752293577981651,0.738317757009346,0.748858447488585,0.741784037558685
0.731481481481482,0.375,0.181818181818182,0.538461538461538,0.25,0.4375,0.210526315789474,0.482758620689655,0.725,0.739583333333333,0.776785714285714,0.682692307692308,0.75,0.71
0.75,0.333333333333333,0.266666666666667,0.444444444444444,0.444444444444444,0.266666666666667,0.333333333333333,0.333333333333333,0.776699029126214,0.725663716814159,0.720720720720721,0.780952380952381,0.747663551401869,0.752293577981651
