train_accuracy,test_accuracy,Precision_class1,Precision_class2,Recall_class1,Recall_class2,F1_class1,F1_class2,Precision_class1_train,Precision_class2_train,Recall_class1_train,Recall_class2_train,F1_class1_train,F1_class2_train
0.711111111111111,0.45,0.466666666666667,0.4,0.7,0.2,0.56,0.266666666666667,0.69,0.7375,0.766666666666667,0.655555555555556,0.726315789473684,0.694117647058824
0.75,0.65,0.625,0.666666666666667,0.555555555555556,0.727272727272727,0.588235294117647,0.695652173913043,0.725490196078431,0.782051282051282,0.813186813186813,0.685393258426966,0.766839378238342,0.730538922155689
0.733333333333333,0.45,0.625,0.333333333333333,0.384615384615385,0.571428571428571,0.476190476190476,0.421052631578947,0.714285714285714,0.752808988764045,0.747126436781609,0.720430107526882,0.730337078651685,0.736263736263736
0.772222222222222,0.8,0.777777777777778,0.818181818181818,0.777777777777778,0.818181818181818,0.777777777777778,0.818181818181818,0.790697674418605,0.75531914893617,0.747252747252747,0.797752808988764,0.768361581920904,0.775956284153006
0.761111111111111,0.55,0.571428571428571,0.538461538461538,0.4,0.7,0.470588235294118,0.608695652173913,0.813333333333333,0.723809523809524,0.677777777777778,0.844444444444444,0.739393939393939,0.779487179487179
0.772222222222222,0.4,0.3,0.5,0.375,0.416666666666667,0.333333333333333,0.454545454545455,0.768421052631579,0.776470588235294,0.793478260869565,0.75,0.780748663101604,0.763005780346821
0.8,0.5,0.466666666666667,0.6,0.777777777777778,0.272727272727273,0.583333333333333,0.375,0.802197802197802,0.797752808988764,0.802197802197802,0.797752808988764,0.802197802197802,0.797752808988764
0.738888888888889,0.3,0.285714285714286,0.333333333333333,0.5,0.166666666666667,0.363636363636364,0.222222222222222,0.722772277227723,0.759493670886076,0.793478260869565,0.681818181818182,0.756476683937824,0.718562874251497
0.761111111111111,0.35,0.6,0.266666666666667,0.214285714285714,0.666666666666667,0.315789473684211,0.380952380952381,0.741573033707865,0.78021978021978,0.767441860465116,0.75531914893617,0.754285714285714,0.767567567567568
0.761111111111111,0.6,0.666666666666667,0.571428571428571,0.4,0.8,0.5,0.666666666666667,0.764044943820225,0.758241758241758,0.755555555555556,0.766666666666667,0.759776536312849,0.762430939226519
