train_accuracy,test_accuracy,Precision_class1,Precision_class2,Recall_class1,Recall_class2,F1_class1,F1_class2,Precision_class1_train,Precision_class2_train,Recall_class1_train,Recall_class2_train,F1_class1_train,F1_class2_train
0.816666666666667,0.55,0.5,0.583333333333333,0.444444444444444,0.636363636363636,0.470588235294118,0.608695652173913,0.79,0.85,0.868131868131868,0.764044943820225,0.827225130890052,0.804733727810651
0.761111111111111,0.35,0.363636363636364,0.333333333333333,0.4,0.3,0.380952380952381,0.315789473684211,0.758241758241758,0.764044943820225,0.766666666666667,0.755555555555556,0.762430939226519,0.759776536312849
0.794444444444444,0.35,0.6,0.1,0.4,0.2,0.48,0.133333333333333,0.792682926829268,0.795918367346939,0.764705882352941,0.821052631578947,0.778443113772455,0.808290155440414
0.766666666666667,0.5,0.5,0.5,0.6,0.4,0.545454545454545,0.444444444444444,0.779069767441861,0.75531914893617,0.744444444444444,0.788888888888889,0.761363636363636,0.771739130434783
0.772222222222222,0.6,0.416666666666667,0.875,0.833333333333333,0.5,0.555555555555556,0.636363636363636,0.778947368421053,0.764705882352941,0.787234042553192,0.755813953488372,0.783068783068783,0.760233918128655
0.766666666666667,0.4,0.444444444444444,0.363636363636364,0.363636363636364,0.444444444444444,0.4,0.4,0.805194805194805,0.737864077669903,0.696629213483146,0.835164835164835,0.746987951807229,0.783505154639175
0.844444444444444,0.45,0.375,0.5,0.333333333333333,0.545454545454545,0.352941176470588,0.521739130434783,0.831578947368421,0.858823529411765,0.868131868131868,0.820224719101124,0.849462365591398,0.839080459770115
0.783333333333333,0.65,0.625,0.666666666666667,0.555555555555556,0.727272727272727,0.588235294117647,0.695652173913043,0.776595744680851,0.790697674418605,0.802197802197802,0.764044943820225,0.789189189189189,0.777142857142857
0.794444444444444,0.5,0.5,0.5,0.3,0.7,0.375,0.583333333333333,0.78494623655914,0.804597701149425,0.811111111111111,0.777777777777778,0.797814207650273,0.790960451977401
0.788888888888889,0.6,0.714285714285714,0.538461538461538,0.454545454545455,0.777777777777778,0.555555555555556,0.636363636363636,0.78021978021978,0.797752808988764,0.797752808988764,0.78021978021978,0.788888888888889,0.788888888888889
