train_accuracy,test_accuracy,Precision_class1,Precision_class2,Recall_class1,Recall_class2,F1_class1,F1_class2,Precision_class1_train,Precision_class2_train,Recall_class1_train,Recall_class2_train,F1_class1_train,F1_class2_train
0.838888888888889,0.4,0.444444444444444,0.363636363636364,0.363636363636364,0.444444444444444,0.4,0.4,0.857142857142857,0.822916666666667,0.808988764044944,0.868131868131868,0.832369942196532,0.844919786096257
0.811111111111111,0.3,0.375,0.25,0.25,0.375,0.3,0.3,0.8375,0.79,0.761363636363636,0.858695652173913,0.797619047619048,0.822916666666667
0.805555555555556,0.4,0.428571428571429,0.384615384615385,0.272727272727273,0.555555555555556,0.333333333333333,0.454545454545455,0.829268292682927,0.785714285714286,0.764044943820225,0.846153846153846,0.795321637426901,0.814814814814815
0.816666666666667,0.5,0.6,0.4,0.5,0.5,0.545454545454545,0.444444444444444,0.808988764044944,0.824175824175824,0.818181818181818,0.815217391304348,0.813559322033898,0.819672131147541
0.833333333333333,0.35,0.285714285714286,0.5,0.571428571428571,0.230769230769231,0.380952380952381,0.315789473684211,0.818181818181818,0.851851851851852,0.870967741935484,0.793103448275862,0.84375,0.821428571428572
0.811111111111111,0.25,0.272727272727273,0.222222222222222,0.3,0.2,0.285714285714286,0.210526315789474,0.818181818181818,0.804347826086957,0.8,0.822222222222222,0.808988764044944,0.813186813186813
0.866666666666667,0.15,0.25,0.0833333333333333,0.153846153846154,0.142857142857143,0.19047619047619,0.105263157894737,0.853932584269663,0.879120879120879,0.873563218390805,0.860215053763441,0.863636363636364,0.869565217391304
0.805555555555556,0.3,0.285714285714286,0.333333333333333,0.5,0.166666666666667,0.363636363636364,0.222222222222222,0.787878787878788,0.827160493827161,0.847826086956522,0.761363636363636,0.816753926701571,0.792899408284024
0.822222222222222,0.55,0.4,0.7,0.571428571428571,0.538461538461538,0.470588235294118,0.608695652173913,0.801980198019802,0.848101265822785,0.870967741935484,0.770114942528736,0.835051546391753,0.807228915662651
0.844444444444444,0.45,0.4,0.5,0.444444444444444,0.454545454545455,0.421052631578947,0.476190476190476,0.831578947368421,0.858823529411765,0.868131868131868,0.820224719101124,0.849462365591398,0.839080459770115
