train_accuracy,test_accuracy,Precision_class1,Precision_class2,Recall_class1,Recall_class2,F1_class1,F1_class2,Precision_class1_train,Precision_class2_train,Recall_class1_train,Recall_class2_train,F1_class1_train,F1_class2_train
0.916666666666667,0.8,0.75,0.875,0.9,0.7,0.818181818181818,0.777777777777778,0.912087912087912,0.921348314606742,0.922222222222222,0.911111111111111,0.917127071823204,0.916201117318436
0.888888888888889,0.6,0.75,0.5,0.5,0.75,0.6,0.6,0.886363636363636,0.891304347826087,0.886363636363636,0.891304347826087,0.886363636363636,0.891304347826087
0.911111111111111,0.75,0.777777777777778,0.727272727272727,0.7,0.8,0.736842105263158,0.761904761904762,0.902173913043478,0.920454545454545,0.922222222222222,0.9,0.912087912087912,0.910112359550562
0.877777777777778,0.8,0.8,0.8,0.8,0.8,0.8,0.8,0.846938775510204,0.914634146341463,0.922222222222222,0.833333333333333,0.882978723404255,0.872093023255814
0.905555555555556,0.8,0.777777777777778,0.818181818181818,0.777777777777778,0.818181818181818,0.777777777777778,0.818181818181818,0.893617021276596,0.918604651162791,0.923076923076923,0.887640449438202,0.908108108108108,0.902857142857143
0.888888888888889,0.8,1,0.666666666666667,0.666666666666667,1,0.8,0.8,0.877777777777778,0.9,0.897727272727273,0.880434782608696,0.887640449438202,0.89010989010989
0.911111111111111,0.75,0.777777777777778,0.727272727272727,0.7,0.8,0.736842105263158,0.761904761904762,0.930232558139535,0.893617021276596,0.888888888888889,0.933333333333333,0.909090909090909,0.91304347826087
0.888888888888889,0.75,0.727272727272727,0.777777777777778,0.8,0.7,0.761904761904762,0.736842105263158,0.872340425531915,0.906976744186046,0.911111111111111,0.866666666666667,0.891304347826087,0.886363636363636
0.894444444444444,0.7,0.6,0.8,0.75,0.666666666666667,0.666666666666667,0.727272727272727,0.876288659793814,0.91566265060241,0.923913043478261,0.863636363636364,0.8994708994709,0.888888888888889
0.883333333333333,0.65,0.6,0.7,0.666666666666667,0.636363636363636,0.631578947368421,0.666666666666667,0.864583333333333,0.904761904761905,0.912087912087912,0.853932584269663,0.887700534759358,0.878612716763006
