train_accuracy,test_accuracy,Precision_class1,Precision_class2,Recall_class1,Recall_class2,F1_class1,F1_class2,Precision_class1_train,Precision_class2_train,Recall_class1_train,Recall_class2_train,F1_class1_train,F1_class2_train
0.766666666666667,0.6,0.625,0.583333333333333,0.5,0.7,0.555555555555556,0.636363636363636,0.779069767441861,0.75531914893617,0.744444444444444,0.788888888888889,0.761363636363636,0.771739130434783
0.766666666666667,0.5,0.428571428571429,0.538461538461538,0.333333333333333,0.636363636363636,0.375,0.583333333333333,0.769230769230769,0.764044943820225,0.769230769230769,0.764044943820225,0.769230769230769,0.764044943820225
0.788888888888889,0.5,0.777777777777778,0.272727272727273,0.466666666666667,0.6,0.583333333333333,0.375,0.776470588235294,0.8,0.776470588235294,0.8,0.776470588235294,0.8
0.766666666666667,0.6,0.5,0.666666666666667,0.5,0.666666666666667,0.5,0.666666666666667,0.765957446808511,0.767441860465116,0.782608695652174,0.75,0.774193548387097,0.758620689655172
0.755555555555556,0.6,0.5,0.666666666666667,0.5,0.666666666666667,0.5,0.666666666666667,0.779069767441861,0.734042553191489,0.728260869565217,0.784090909090909,0.752808988764045,0.758241758241758
0.766666666666667,0.45,0.6,0.3,0.461538461538462,0.428571428571429,0.521739130434783,0.352941176470588,0.747252747252747,0.786516853932584,0.781609195402299,0.752688172043011,0.764044943820225,0.769230769230769
0.738888888888889,0.7,0.6,0.8,0.75,0.666666666666667,0.666666666666667,0.727272727272727,0.741935483870968,0.735632183908046,0.75,0.727272727272727,0.745945945945946,0.731428571428572
0.783333333333333,0.45,0.222222222222222,0.636363636363636,0.333333333333333,0.5,0.266666666666667,0.56,0.802197802197802,0.764044943820225,0.776595744680851,0.790697674418605,0.789189189189189,0.777142857142857
0.794444444444444,0.45,0.625,0.333333333333333,0.384615384615385,0.571428571428571,0.476190476190476,0.421052631578947,0.777777777777778,0.811111111111111,0.804597701149425,0.78494623655914,0.790960451977401,0.797814207650273
0.738888888888889,0.65,0.666666666666667,0.636363636363636,0.6,0.7,0.631578947368421,0.666666666666667,0.752941176470588,0.726315789473684,0.711111111111111,0.766666666666667,0.731428571428571,0.745945945945946
