train_accuracy,test_accuracy,Precision_class1,Precision_class2,Recall_class1,Recall_class2,F1_class1,F1_class2,Precision_class1_train,Precision_class2_train,Recall_class1_train,Recall_class2_train,F1_class1_train,F1_class2_train
0.766666666666667,0.6,0.571428571428571,0.615384615384615,0.444444444444444,0.727272727272727,0.5,0.666666666666667,0.795180722891566,0.742268041237113,0.725274725274725,0.808988764044944,0.758620689655172,0.774193548387097
0.833333333333333,0.7,0.571428571428571,1,1,0.5,0.727272727272727,0.666666666666667,0.852272727272727,0.815217391304348,0.815217391304348,0.852272727272727,0.833333333333333,0.833333333333333
0.822222222222222,0.7,0.714285714285714,0.692307692307692,0.555555555555556,0.818181818181818,0.625,0.75,0.831460674157303,0.813186813186813,0.813186813186813,0.831460674157303,0.822222222222222,0.822222222222222
0.866666666666667,0.7,0.625,0.75,0.625,0.75,0.625,0.75,0.877777777777778,0.855555555555556,0.858695652173913,0.875,0.868131868131868,0.865168539325843
0.833333333333333,0.65,0.666666666666667,0.636363636363636,0.6,0.7,0.631578947368421,0.666666666666667,0.848837209302326,0.819148936170213,0.811111111111111,0.855555555555556,0.829545454545454,0.83695652173913
0.8,0.8,0.769230769230769,0.857142857142857,0.909090909090909,0.666666666666667,0.833333333333333,0.75,0.804597701149425,0.795698924731183,0.786516853932584,0.813186813186813,0.795454545454546,0.804347826086957
0.85,0.75,0.666666666666667,0.875,0.888888888888889,0.636363636363636,0.761904761904762,0.736842105263158,0.872093023255814,0.829787234042553,0.824175824175824,0.876404494382023,0.847457627118644,0.852459016393443
0.833333333333333,0.85,0.888888888888889,0.818181818181818,0.8,0.9,0.842105263157895,0.857142857142857,0.875,0.8,0.777777777777778,0.888888888888889,0.823529411764706,0.842105263157895
0.833333333333333,0.65,1,0.533333333333333,0.416666666666667,1,0.588235294117647,0.695652173913044,0.881578947368421,0.798076923076923,0.761363636363636,0.902173913043478,0.817073170731707,0.846938775510204
0.822222222222222,0.5,0.833333333333333,0.357142857142857,0.357142857142857,0.833333333333333,0.5,0.5,0.829268292682927,0.816326530612245,0.790697674418605,0.851063829787234,0.80952380952381,0.833333333333333
