train_accuracy,test_accuracy,Precision_class1,Precision_class2,Recall_class1,Recall_class2,F1_class1,F1_class2,Precision_class1_train,Precision_class2_train,Recall_class1_train,Recall_class2_train,F1_class1_train,F1_class2_train
0.727777777777778,0.25,0.25,0.25,0.181818181818182,0.333333333333333,0.210526315789474,0.285714285714286,0.722222222222222,0.733333333333333,0.730337078651685,0.725274725274725,0.726256983240223,0.729281767955801
0.766666666666667,0.5,0.4,0.6,0.5,0.5,0.444444444444444,0.545454545454545,0.745098039215686,0.794871794871795,0.826086956521739,0.704545454545455,0.783505154639175,0.746987951807229
0.738888888888889,0.45,0.4,0.6,0.75,0.25,0.521739130434783,0.352941176470588,0.718446601941748,0.766233766233766,0.804347826086957,0.670454545454545,0.758974358974359,0.715151515151515
0.694444444444444,0.5,0.636363636363636,0.333333333333333,0.538461538461538,0.428571428571429,0.583333333333333,0.375,0.705128205128205,0.686274509803922,0.632183908045977,0.752688172043011,0.666666666666667,0.717948717948718
0.727777777777778,0.4,0.428571428571429,0.384615384615385,0.272727272727273,0.555555555555556,0.333333333333333,0.454545454545455,0.717391304347826,0.738636363636364,0.741573033707865,0.714285714285714,0.729281767955801,0.726256983240223
0.722222222222222,0.5,0.444444444444444,0.545454545454545,0.444444444444444,0.545454545454545,0.444444444444444,0.545454545454545,0.720430107526882,0.724137931034483,0.736263736263736,0.707865168539326,0.728260869565218,0.715909090909091
0.788888888888889,0.4,0.3,0.5,0.375,0.416666666666667,0.333333333333333,0.454545454545455,0.8,0.777777777777778,0.782608695652174,0.795454545454545,0.791208791208791,0.786516853932584
0.766666666666667,0.45,0.5,0.375,0.545454545454545,0.333333333333333,0.521739130434783,0.352941176470588,0.752688172043011,0.781609195402299,0.786516853932584,0.747252747252747,0.769230769230769,0.764044943820225
0.75,0.5,0.625,0.416666666666667,0.416666666666667,0.625,0.5,0.5,0.741573033707865,0.758241758241758,0.75,0.75,0.745762711864407,0.754098360655738
0.738888888888889,0.4,0.4,0.4,0.666666666666667,0.181818181818182,0.5,0.25,0.729166666666667,0.75,0.769230769230769,0.707865168539326,0.748663101604278,0.728323699421965
