train_accuracy,test_accuracy,Precision_class1,Precision_class2,Recall_class1,Recall_class2,F1_class1,F1_class2,Precision_class1_train,Precision_class2_train,Recall_class1_train,Recall_class2_train,F1_class1_train,F1_class2_train
0.788888888888889,0.4,0.466666666666667,0.2,0.636363636363636,0.111111111111111,0.538461538461539,0.142857142857143,0.768421052631579,0.811764705882353,0.820224719101124,0.758241758241758,0.793478260869565,0.784090909090909
0.794444444444444,0.6,0.625,0.583333333333333,0.5,0.7,0.555555555555556,0.636363636363636,0.811764705882353,0.778947368421053,0.766666666666667,0.822222222222222,0.788571428571429,0.8
0.811111111111111,0.5,0.416666666666667,0.625,0.625,0.416666666666667,0.5,0.5,0.802083333333333,0.821428571428571,0.83695652173913,0.784090909090909,0.819148936170213,0.802325581395349
0.844444444444444,0.6,0.545454545454545,0.666666666666667,0.666666666666667,0.545454545454545,0.6,0.6,0.818181818181818,0.876543209876543,0.89010989010989,0.797752808988764,0.852631578947368,0.835294117647059
0.761111111111111,0.6,0.545454545454545,0.666666666666667,0.666666666666667,0.545454545454545,0.6,0.6,0.75531914893617,0.767441860465116,0.78021978021978,0.741573033707865,0.767567567567568,0.754285714285714
0.805555555555556,0.5,0.583333333333333,0.375,0.583333333333333,0.375,0.583333333333333,0.375,0.797752808988764,0.813186813186813,0.806818181818182,0.804347826086957,0.80225988700565,0.808743169398907
0.8,0.5,0.636363636363636,0.333333333333333,0.538461538461538,0.428571428571429,0.583333333333333,0.375,0.78021978021978,0.820224719101124,0.816091954022989,0.78494623655914,0.797752808988764,0.802197802197802
0.822222222222222,0.55,0.545454545454545,0.555555555555556,0.6,0.5,0.571428571428571,0.526315789473684,0.837209302325581,0.808510638297872,0.8,0.844444444444444,0.818181818181818,0.826086956521739
0.783333333333333,0.35,0.4,0.3,0.363636363636364,0.333333333333333,0.380952380952381,0.315789473684211,0.790697674418605,0.776595744680851,0.764044943820225,0.802197802197802,0.777142857142857,0.789189189189189
0.783333333333333,0.15,0.0833333333333333,0.25,0.142857142857143,0.153846153846154,0.105263157894737,0.19047619047619,0.793478260869565,0.772727272727273,0.78494623655914,0.781609195402299,0.789189189189189,0.777142857142857
