train_accuracy,test_accuracy,Precision_class1,Precision_class2,Recall_class1,Recall_class2,F1_class1,F1_class2,Precision_class1_train,Precision_class2_train,Recall_class1_train,Recall_class2_train,F1_class1_train,F1_class2_train
0.855555555555556,0.65,0.636363636363636,0.666666666666667,0.7,0.6,0.666666666666667,0.631578947368421,0.840425531914894,0.872093023255814,0.877777777777778,0.833333333333333,0.858695652173913,0.852272727272727
0.822222222222222,0.4,0.272727272727273,0.555555555555556,0.428571428571429,0.384615384615385,0.333333333333333,0.454545454545455,0.827956989247312,0.816091954022989,0.827956989247312,0.816091954022989,0.827956989247312,0.816091954022989
0.822222222222222,0.3,0.285714285714286,0.333333333333333,0.5,0.166666666666667,0.363636363636364,0.222222222222222,0.819148936170213,0.825581395348837,0.83695652173913,0.806818181818182,0.827956989247312,0.816091954022989
0.888888888888889,0.4,0.666666666666667,0.181818181818182,0.4,0.4,0.5,0.25,0.911392405063291,0.871287128712871,0.847058823529412,0.926315789473684,0.878048780487805,0.897959183673469
0.805555555555556,0.45,0.571428571428571,0.384615384615385,0.333333333333333,0.625,0.421052631578947,0.476190476190476,0.811764705882353,0.8,0.784090909090909,0.826086956521739,0.797687861271676,0.812834224598931
0.85,0.5,0.142857142857143,0.692307692307692,0.2,0.6,0.166666666666667,0.642857142857143,0.861702127659574,0.837209302325581,0.852631578947368,0.847058823529412,0.857142857142857,0.842105263157895
0.838888888888889,0.55,0.875,0.333333333333333,0.466666666666667,0.8,0.608695652173913,0.470588235294118,0.811111111111111,0.866666666666667,0.858823529411765,0.821052631578947,0.834285714285714,0.843243243243243
0.811111111111111,0.6,0.777777777777778,0.454545454545455,0.538461538461538,0.714285714285714,0.636363636363636,0.555555555555556,0.804597701149425,0.817204301075269,0.804597701149425,0.817204301075269,0.804597701149425,0.817204301075269
0.861111111111111,0.3,0.25,0.375,0.375,0.25,0.3,0.3,0.868131868131868,0.853932584269663,0.858695652173913,0.863636363636364,0.863387978142077,0.858757062146893
0.844444444444444,0.5,0.363636363636364,0.666666666666667,0.571428571428571,0.461538461538462,0.444444444444444,0.545454545454546,0.873563218390805,0.817204301075269,0.817204301075269,0.873563218390805,0.844444444444445,0.844444444444445
