train_accuracy,test_accuracy,Precision_class1,Precision_class2,Recall_class1,Recall_class2,F1_class1,F1_class2,Precision_class1_train,Precision_class2_train,Recall_class1_train,Recall_class2_train,F1_class1_train,F1_class2_train
0.777777777777778,0.5,0.4,0.533333333333333,0.222222222222222,0.727272727272727,0.285714285714286,0.615384615384615,0.8,0.757894736842105,0.747252747252747,0.808988764044944,0.772727272727273,0.782608695652174
0.816666666666667,0.5,0.5,0.5,0.2,0.8,0.285714285714286,0.615384615384615,0.8,0.835294117647059,0.844444444444444,0.788888888888889,0.821621621621622,0.811428571428571
0.8,0.45,0.5,0.4,0.454545454545455,0.444444444444444,0.476190476190476,0.421052631578947,0.811764705882353,0.789473684210526,0.775280898876405,0.824175824175824,0.793103448275862,0.806451612903226
0.75,0.6,0.571428571428571,0.666666666666667,0.8,0.4,0.666666666666667,0.5,0.764705882352941,0.736842105263158,0.722222222222222,0.777777777777778,0.742857142857143,0.756756756756757
0.783333333333333,0.3,0.3,0.3,0.3,0.3,0.3,0.3,0.807228915662651,0.762886597938144,0.744444444444444,0.822222222222222,0.774566473988439,0.79144385026738
0.816666666666667,0.55,0.625,0.5,0.454545454545455,0.666666666666667,0.526315789473684,0.571428571428572,0.811111111111111,0.822222222222222,0.820224719101124,0.813186813186813,0.815642458100559,0.81767955801105
0.766666666666667,0.35,0.222222222222222,0.454545454545455,0.25,0.416666666666667,0.235294117647059,0.434782608695652,0.765957446808511,0.767441860465116,0.782608695652174,0.75,0.774193548387097,0.758620689655172
0.822222222222222,0.55,0.5,0.625,0.666666666666667,0.454545454545455,0.571428571428572,0.526315789473684,0.831460674157303,0.813186813186813,0.813186813186813,0.831460674157303,0.822222222222222,0.822222222222222
0.788888888888889,0.55,0.833333333333333,0.428571428571429,0.384615384615385,0.857142857142857,0.526315789473684,0.571428571428571,0.781609195402299,0.795698924731183,0.781609195402299,0.795698924731183,0.781609195402299,0.795698924731183
0.777777777777778,0.35,0.357142857142857,0.333333333333333,0.555555555555556,0.181818181818182,0.434782608695652,0.235294117647059,0.814814814814815,0.747474747474748,0.725274725274725,0.831460674157303,0.767441860465116,0.787234042553192
