train_accuracy,test_accuracy,Precision_class1,Precision_class2,Recall_class1,Recall_class2,F1_class1,F1_class2,Precision_class1_train,Precision_class2_train,Recall_class1_train,Recall_class2_train,F1_class1_train,F1_class2_train
0.794444444444444,0.25,0.272727272727273,0.222222222222222,0.3,0.2,0.285714285714286,0.210526315789474,0.804597701149425,0.78494623655914,0.777777777777778,0.811111111111111,0.790960451977401,0.797814207650273
0.822222222222222,0.45,0.5,0.428571428571429,0.272727272727273,0.666666666666667,0.352941176470588,0.521739130434783,0.835294117647059,0.810526315789474,0.797752808988764,0.846153846153846,0.816091954022988,0.827956989247312
0.755555555555556,0.55,0.545454545454545,0.555555555555556,0.6,0.5,0.571428571428571,0.526315789473684,0.773809523809524,0.739583333333333,0.722222222222222,0.788888888888889,0.747126436781609,0.763440860215054
0.777777777777778,0.4,0.333333333333333,0.428571428571429,0.2,0.6,0.25,0.5,0.804878048780488,0.755102040816326,0.733333333333333,0.822222222222222,0.767441860465116,0.787234042553191
0.8,0.5,0.454545454545455,0.555555555555556,0.555555555555556,0.454545454545455,0.5,0.5,0.795698924731183,0.804597701149425,0.813186813186813,0.786516853932584,0.804347826086957,0.795454545454546
0.766666666666667,0.5,0.5,0.5,0.4,0.6,0.444444444444444,0.545454545454545,0.772727272727273,0.760869565217391,0.755555555555556,0.777777777777778,0.764044943820225,0.769230769230769
0.761111111111111,0.5,0.75,0.4375,0.25,0.875,0.375,0.583333333333333,0.784810126582278,0.742574257425743,0.704545454545455,0.815217391304348,0.74251497005988,0.77720207253886
0.794444444444444,0.4,0.466666666666667,0.2,0.636363636363636,0.111111111111111,0.538461538461539,0.142857142857143,0.782608695652174,0.806818181818182,0.808988764044944,0.78021978021978,0.795580110497238,0.793296089385475
0.766666666666667,0.5,0.5,0.5,0.4,0.6,0.444444444444444,0.545454545454545,0.75,0.785714285714286,0.8,0.733333333333333,0.774193548387097,0.758620689655172
0.772222222222222,0.65,0.5,0.8,0.714285714285714,0.615384615384615,0.588235294117647,0.695652173913043,0.795454545454545,0.75,0.752688172043011,0.793103448275862,0.773480662983425,0.770949720670391
