train_accuracy,test_accuracy,Precision_class1,Precision_class2,Recall_class1,Recall_class2,F1_class1,F1_class2,Precision_class1_train,Precision_class2_train,Recall_class1_train,Recall_class2_train,F1_class1_train,F1_class2_train
0.8,0.55,0.625,0.5,0.454545454545455,0.666666666666667,0.526315789473684,0.571428571428572,0.819277108433735,0.783505154639175,0.764044943820225,0.835164835164835,0.790697674418605,0.808510638297872
0.777777777777778,0.45,0.454545454545455,0.444444444444444,0.5,0.4,0.476190476190476,0.421052631578947,0.804878048780488,0.755102040816326,0.733333333333333,0.822222222222222,0.767441860465116,0.787234042553191
0.794444444444444,0.5,0.75,0.333333333333333,0.428571428571429,0.666666666666667,0.545454545454545,0.444444444444444,0.788235294117647,0.8,0.779069767441861,0.808510638297872,0.783625730994152,0.804232804232804
0.794444444444444,0.4,0.5,0.357142857142857,0.25,0.625,0.333333333333333,0.454545454545455,0.8,0.789473684210526,0.772727272727273,0.815217391304348,0.786127167630058,0.802139037433155
0.766666666666667,0.4,0.416666666666667,0.375,0.5,0.3,0.454545454545455,0.333333333333333,0.766666666666667,0.766666666666667,0.766666666666667,0.766666666666667,0.766666666666667,0.766666666666667
0.788888888888889,0.45,0.333333333333333,0.625,0.571428571428571,0.384615384615385,0.421052631578947,0.476190476190476,0.789473684210526,0.788235294117647,0.806451612903226,0.770114942528736,0.797872340425532,0.77906976744186
0.805555555555556,0.55,0.4,0.6,0.25,0.75,0.307692307692308,0.666666666666667,0.835294117647059,0.778947368421053,0.771739130434783,0.840909090909091,0.80225988700565,0.808743169398907
0.788888888888889,0.5,0.625,0.416666666666667,0.416666666666667,0.625,0.5,0.5,0.771739130434783,0.806818181818182,0.806818181818182,0.771739130434783,0.788888888888889,0.788888888888889
0.783333333333333,0.45,0.333333333333333,0.5,0.222222222222222,0.636363636363636,0.266666666666667,0.56,0.776595744680851,0.790697674418605,0.802197802197802,0.764044943820225,0.789189189189189,0.777142857142857
0.811111111111111,0.6,0.454545454545455,0.777777777777778,0.714285714285714,0.538461538461538,0.555555555555556,0.636363636363636,0.810526315789474,0.811764705882353,0.827956989247312,0.793103448275862,0.819148936170213,0.802325581395349
