train_accuracy,test_accuracy,Precision_class1,Precision_class2,Recall_class1,Recall_class2,F1_class1,F1_class2,Precision_class1_train,Precision_class2_train,Recall_class1_train,Recall_class2_train,F1_class1_train,F1_class2_train
0.905555555555556,0.6,0.538461538461538,0.714285714285714,0.777777777777778,0.454545454545455,0.636363636363636,0.555555555555556,0.920454545454545,0.891304347826087,0.89010989010989,0.921348314606742,0.905027932960894,0.906077348066298
0.927777777777778,0.5,0.428571428571429,0.666666666666667,0.75,0.333333333333333,0.545454545454545,0.444444444444444,0.924731182795699,0.931034482758621,0.934782608695652,0.920454545454545,0.92972972972973,0.925714285714286
0.888888888888889,0.5,0.5,0.5,0.5,0.5,0.5,0.5,0.897727272727273,0.880434782608696,0.877777777777778,0.9,0.887640449438202,0.89010989010989
0.894444444444444,0.45,0.571428571428571,0.384615384615385,0.333333333333333,0.625,0.421052631578947,0.476190476190476,0.896551724137931,0.89247311827957,0.886363636363636,0.902173913043478,0.891428571428571,0.897297297297297
0.888888888888889,0.6,0.5,0.7,0.625,0.583333333333333,0.555555555555556,0.636363636363636,0.891304347826087,0.886363636363636,0.891304347826087,0.886363636363636,0.891304347826087,0.886363636363636
0.955555555555556,0.6,0.636363636363636,0.555555555555556,0.636363636363636,0.555555555555556,0.636363636363636,0.555555555555556,0.976470588235294,0.936842105263158,0.932584269662921,0.978021978021978,0.954022988505747,0.956989247311828
0.872222222222222,0.45,0.444444444444444,0.454545454545455,0.4,0.5,0.421052631578947,0.476190476190476,0.860215053763441,0.885057471264368,0.888888888888889,0.855555555555556,0.87431693989071,0.870056497175141
0.888888888888889,0.45,0.4,0.5,0.444444444444444,0.454545454545455,0.421052631578947,0.476190476190476,0.908045977011494,0.870967741935484,0.868131868131868,0.910112359550562,0.887640449438202,0.89010989010989
0.927777777777778,0.55,0.555555555555556,0.545454545454545,0.5,0.6,0.526315789473684,0.571428571428571,0.905263157894737,0.952941176470588,0.955555555555556,0.9,0.92972972972973,0.925714285714286
0.911111111111111,0.5,0.714285714285714,0.384615384615385,0.384615384615385,0.714285714285714,0.5,0.5,0.927710843373494,0.896907216494845,0.885057471264368,0.935483870967742,0.905882352941177,0.91578947368421
