train_accuracy,test_accuracy,Precision_class1,Precision_class2,Recall_class1,Recall_class2,F1_class1,F1_class2,Precision_class1_train,Precision_class2_train,Recall_class1_train,Recall_class2_train,F1_class1_train,F1_class2_train
0.872222222222222,0.55,0.583333333333333,0.5,0.636363636363636,0.444444444444444,0.608695652173913,0.470588235294118,0.851063829787234,0.895348837209302,0.898876404494382,0.846153846153846,0.87431693989071,0.870056497175141
0.833333333333333,0.5,0.533333333333333,0.4,0.727272727272727,0.222222222222222,0.615384615384615,0.285714285714286,0.817204301075269,0.850574712643678,0.853932584269663,0.813186813186813,0.835164835164835,0.831460674157303
0.877777777777778,0.5,0.444444444444444,0.545454545454545,0.444444444444444,0.545454545454545,0.444444444444444,0.545454545454545,0.879120879120879,0.876404494382023,0.879120879120879,0.876404494382023,0.879120879120879,0.876404494382023
0.866666666666667,0.35,0.272727272727273,0.444444444444444,0.375,0.333333333333333,0.315789473684211,0.380952380952381,0.84,0.9,0.91304347826087,0.818181818181818,0.875,0.857142857142857
0.866666666666667,0.45,0.5,0.416666666666667,0.363636363636364,0.555555555555556,0.421052631578947,0.476190476190476,0.849462365591398,0.885057471264368,0.887640449438202,0.846153846153846,0.868131868131868,0.865168539325843
0.872222222222222,0.45,0.5,0.375,0.545454545454545,0.333333333333333,0.521739130434783,0.352941176470588,0.851063829787234,0.895348837209302,0.898876404494382,0.846153846153846,0.87431693989071,0.870056497175141
0.866666666666667,0.55,0.384615384615385,0.857142857142857,0.833333333333333,0.428571428571429,0.526315789473684,0.571428571428571,0.857142857142857,0.878048780487805,0.893617021276596,0.837209302325581,0.875,0.857142857142857
0.866666666666667,0.3,0.4,0.2,0.333333333333333,0.25,0.363636363636364,0.222222222222222,0.855555555555556,0.877777777777778,0.875,0.858695652173913,0.865168539325843,0.868131868131868
0.861111111111111,0.35,0.333333333333333,0.363636363636364,0.3,0.4,0.315789473684211,0.380952380952381,0.842105263157895,0.882352941176471,0.888888888888889,0.833333333333333,0.864864864864865,0.857142857142857
0.872222222222222,0.4,0.454545454545455,0.333333333333333,0.454545454545455,0.333333333333333,0.454545454545455,0.333333333333333,0.836734693877551,0.914634146341463,0.921348314606742,0.824175824175824,0.877005347593583,0.867052023121387
