train_accuracy,test_accuracy,Precision_class1,Precision_class2,Recall_class1,Recall_class2,F1_class1,F1_class2,Precision_class1_train,Precision_class2_train,Recall_class1_train,Recall_class2_train,F1_class1_train,F1_class2_train
0.822222222222222,0.55,0.538461538461538,0.571428571428571,0.7,0.4,0.608695652173913,0.470588235294118,0.802083333333333,0.845238095238095,0.855555555555556,0.788888888888889,0.827956989247312,0.816091954022988
0.822222222222222,0.6,0.75,0.5,0.5,0.75,0.6,0.6,0.85,0.8,0.772727272727273,0.869565217391304,0.80952380952381,0.833333333333333
0.816666666666667,0.6,0.545454545454545,0.666666666666667,0.666666666666667,0.545454545454545,0.6,0.6,0.845238095238095,0.791666666666667,0.78021978021978,0.853932584269663,0.811428571428571,0.821621621621622
0.816666666666667,0.55,0.4,0.7,0.571428571428571,0.538461538461538,0.470588235294118,0.608695652173913,0.833333333333333,0.8,0.806451612903226,0.827586206896552,0.819672131147541,0.813559322033898
0.811111111111111,0.55,0.555555555555556,0.545454545454545,0.5,0.6,0.526315789473684,0.571428571428571,0.858974358974359,0.774509803921569,0.744444444444444,0.877777777777778,0.797619047619048,0.822916666666667
0.766666666666667,0.65,0.857142857142857,0.538461538461538,0.5,0.875,0.631578947368421,0.666666666666667,0.7875,0.75,0.715909090909091,0.815217391304348,0.75,0.78125
0.816666666666667,0.55,0.6,0.5,0.545454545454545,0.555555555555556,0.571428571428571,0.526315789473684,0.841463414634146,0.795918367346939,0.775280898876405,0.857142857142857,0.807017543859649,0.825396825396825
0.788888888888889,0.55,0.444444444444444,0.636363636363636,0.5,0.583333333333333,0.470588235294118,0.608695652173913,0.829268292682927,0.755102040816326,0.739130434782609,0.840909090909091,0.781609195402299,0.795698924731183
0.805555555555556,0.65,0.7,0.6,0.636363636363636,0.666666666666667,0.666666666666667,0.631578947368421,0.829268292682927,0.785714285714286,0.764044943820225,0.846153846153846,0.795321637426901,0.814814814814815
0.827777777777778,0.6,0.625,0.583333333333333,0.5,0.7,0.555555555555556,0.636363636363636,0.831460674157303,0.824175824175824,0.822222222222222,0.833333333333333,0.8268156424581,0.828729281767956
