train_accuracy,test_accuracy,Precision_class1,Precision_class2,Recall_class1,Recall_class2,F1_class1,F1_class2,Precision_class1_train,Precision_class2_train,Recall_class1_train,Recall_class2_train,F1_class1_train,F1_class2_train
0.827777777777778,0.65,0.666666666666667,0.636363636363636,0.6,0.7,0.631578947368421,0.666666666666667,0.847058823529412,0.810526315789474,0.8,0.855555555555556,0.822857142857143,0.832432432432432
0.794444444444444,0.5,0.75,0.333333333333333,0.428571428571429,0.666666666666667,0.545454545454545,0.444444444444444,0.810126582278481,0.782178217821782,0.744186046511628,0.840425531914894,0.775757575757576,0.81025641025641
0.788888888888889,0.6,0.625,0.583333333333333,0.5,0.7,0.555555555555556,0.636363636363636,0.825,0.76,0.733333333333333,0.844444444444444,0.776470588235294,0.8
0.788888888888889,0.55,0.5,0.583333333333333,0.444444444444444,0.636363636363636,0.470588235294118,0.608695652173913,0.804597701149425,0.774193548387097,0.769230769230769,0.808988764044944,0.786516853932584,0.791208791208791
0.733333333333333,0.45,0.416666666666667,0.5,0.555555555555556,0.363636363636364,0.476190476190476,0.421052631578947,0.765432098765432,0.707070707070707,0.681318681318681,0.786516853932584,0.720930232558139,0.74468085106383
0.811111111111111,0.4,0.363636363636364,0.444444444444444,0.444444444444444,0.363636363636364,0.4,0.4,0.806451612903226,0.816091954022989,0.824175824175824,0.797752808988764,0.815217391304348,0.806818181818182
0.772222222222222,0.6,0.6,0.6,0.6,0.6,0.6,0.6,0.747474747474748,0.802469135802469,0.822222222222222,0.722222222222222,0.783068783068783,0.760233918128655
0.777777777777778,0.5,0.461538461538462,0.571428571428571,0.666666666666667,0.363636363636364,0.545454545454546,0.444444444444444,0.78021978021978,0.775280898876405,0.78021978021978,0.775280898876405,0.78021978021978,0.775280898876405
0.788888888888889,0.5,0.5,0.5,0.5,0.5,0.5,0.5,0.802325581395349,0.776595744680851,0.766666666666667,0.811111111111111,0.784090909090909,0.793478260869565
0.777777777777778,0.6,0.625,0.583333333333333,0.5,0.7,0.555555555555556,0.636363636363636,0.797619047619048,0.760416666666667,0.744444444444444,0.811111111111111,0.770114942528736,0.78494623655914
