train_accuracy,test_accuracy,Precision_class1,Precision_class2,Recall_class1,Recall_class2,F1_class1,F1_class2,Precision_class1_train,Precision_class2_train,Recall_class1_train,Recall_class2_train,F1_class1_train,F1_class2_train
0.866666666666667,0.5,0.416666666666667,0.625,0.625,0.416666666666667,0.5,0.5,0.861702127659574,0.872093023255814,0.880434782608696,0.852272727272727,0.870967741935484,0.862068965517241
0.861111111111111,0.6,0.571428571428571,0.615384615384615,0.444444444444444,0.727272727272727,0.5,0.666666666666667,0.875,0.847826086956522,0.846153846153846,0.876404494382023,0.860335195530726,0.861878453038674
0.822222222222222,0.7,0.636363636363636,0.777777777777778,0.777777777777778,0.636363636363636,0.7,0.7,0.804123711340206,0.843373493975904,0.857142857142857,0.786516853932584,0.829787234042553,0.813953488372093
0.838888888888889,0.55,0.666666666666667,0.375,0.615384615384615,0.428571428571429,0.64,0.4,0.822222222222222,0.855555555555556,0.850574712643678,0.827956989247312,0.836158192090396,0.841530054644809
0.8,0.6,0.555555555555556,0.636363636363636,0.555555555555556,0.636363636363636,0.555555555555556,0.636363636363636,0.795698924731183,0.804597701149425,0.813186813186813,0.786516853932584,0.804347826086957,0.795454545454546
0.838888888888889,0.75,0.727272727272727,0.777777777777778,0.8,0.7,0.761904761904762,0.736842105263158,0.842696629213483,0.835164835164835,0.833333333333333,0.844444444444444,0.837988826815642,0.839779005524862
0.811111111111111,0.55,0.428571428571429,0.833333333333333,0.857142857142857,0.384615384615385,0.571428571428571,0.526315789473684,0.810526315789474,0.811764705882353,0.827956989247312,0.793103448275862,0.819148936170213,0.802325581395349
0.833333333333333,0.35,0.6,0.1,0.4,0.2,0.48,0.133333333333333,0.823529411764706,0.842105263157895,0.823529411764706,0.842105263157895,0.823529411764706,0.842105263157895
0.822222222222222,0.45,0.571428571428571,0.384615384615385,0.333333333333333,0.625,0.421052631578947,0.476190476190476,0.888888888888889,0.777777777777778,0.727272727272727,0.91304347826087,0.8,0.84
0.855555555555556,0.4,0.3,0.5,0.375,0.416666666666667,0.333333333333333,0.454545454545455,0.851063829787234,0.86046511627907,0.869565217391304,0.840909090909091,0.860215053763441,0.850574712643678
