train_accuracy,test_accuracy,Precision_class1,Precision_class2,Recall_class1,Recall_class2,F1_class1,F1_class2,Precision_class1_train,Precision_class2_train,Recall_class1_train,Recall_class2_train,F1_class1_train,F1_class2_train
0.755555555555556,0.55,0.75,0.416666666666667,0.461538461538462,0.714285714285714,0.571428571428571,0.526315789473684,0.747126436781609,0.763440860215054,0.747126436781609,0.763440860215054,0.747126436781609,0.763440860215054
0.755555555555556,0.65,0.454545454545455,0.888888888888889,0.833333333333333,0.571428571428571,0.588235294117647,0.695652173913043,0.771739130434783,0.738636363636364,0.75531914893617,0.755813953488372,0.763440860215054,0.747126436781609
0.777777777777778,0.35,0.333333333333333,0.363636363636364,0.3,0.4,0.315789473684211,0.380952380952381,0.797619047619048,0.760416666666667,0.744444444444444,0.811111111111111,0.770114942528736,0.78494623655914
0.788888888888889,0.4,0.416666666666667,0.375,0.5,0.3,0.454545454545455,0.333333333333333,0.782608695652174,0.795454545454545,0.8,0.777777777777778,0.791208791208791,0.786516853932584
0.755555555555556,0.4,0.5,0.25,0.5,0.25,0.5,0.25,0.744444444444444,0.766666666666667,0.761363636363636,0.75,0.752808988764045,0.758241758241758
0.788888888888889,0.45,0.375,0.5,0.333333333333333,0.545454545454545,0.352941176470588,0.521739130434783,0.797752808988764,0.78021978021978,0.78021978021978,0.797752808988764,0.788888888888889,0.788888888888889
0.794444444444444,0.3,0.166666666666667,0.5,0.333333333333333,0.285714285714286,0.222222222222222,0.363636363636364,0.787878787878788,0.802469135802469,0.829787234042553,0.755813953488372,0.808290155440414,0.778443113772455
0.761111111111111,0.4,0.461538461538462,0.285714285714286,0.545454545454545,0.222222222222222,0.5,0.25,0.755555555555556,0.766666666666667,0.764044943820225,0.758241758241758,0.759776536312849,0.762430939226519
0.755555555555556,0.65,0.7,0.6,0.636363636363636,0.666666666666667,0.666666666666667,0.631578947368421,0.736842105263158,0.776470588235294,0.786516853932584,0.725274725274725,0.760869565217391,0.75
0.75,0.45,0.555555555555556,0.363636363636364,0.416666666666667,0.5,0.476190476190476,0.421052631578947,0.779220779220779,0.728155339805825,0.681818181818182,0.815217391304348,0.727272727272727,0.769230769230769
