train_accuracy,test_accuracy,Precision_class1,Precision_class2,Recall_class1,Recall_class2,F1_class1,F1_class2,Precision_class1_train,Precision_class2_train,Recall_class1_train,Recall_class2_train,F1_class1_train,F1_class2_train
0.783333333333333,0.5,0.4,0.6,0.5,0.5,0.444444444444444,0.545454545454545,0.78494623655914,0.781609195402299,0.793478260869565,0.772727272727273,0.789189189189189,0.777142857142857
0.788888888888889,0.8,1,0.6,0.714285714285714,1,0.833333333333333,0.75,0.785714285714286,0.791666666666667,0.767441860465116,0.808510638297872,0.776470588235294,0.8
0.816666666666667,0.25,0.142857142857143,0.307692307692308,0.1,0.4,0.117647058823529,0.347826086956522,0.8,0.835294117647059,0.844444444444444,0.788888888888889,0.821621621621622,0.811428571428571
0.777777777777778,0.55,0.363636363636364,0.777777777777778,0.666666666666667,0.5,0.470588235294118,0.608695652173913,0.78125,0.773809523809524,0.797872340425532,0.755813953488372,0.789473684210526,0.764705882352941
0.811111111111111,0.55,0.9,0.2,0.529411764705882,0.666666666666667,0.666666666666667,0.307692307692308,0.781609195402299,0.838709677419355,0.819277108433735,0.804123711340206,0.8,0.821052631578947
0.811111111111111,0.65,0.75,0.583333333333333,0.545454545454545,0.777777777777778,0.631578947368421,0.666666666666667,0.808988764044944,0.813186813186813,0.808988764044944,0.813186813186813,0.808988764044944,0.813186813186813
0.827777777777778,0.65,0.545454545454545,0.777777777777778,0.75,0.583333333333333,0.631578947368421,0.666666666666667,0.814432989690722,0.843373493975904,0.858695652173913,0.795454545454545,0.835978835978836,0.818713450292398
0.844444444444444,0.4,0.333333333333333,0.5,0.5,0.333333333333333,0.4,0.4,0.826530612244898,0.865853658536585,0.880434782608696,0.806818181818182,0.852631578947368,0.835294117647059
0.805555555555556,0.5,0.384615384615385,0.714285714285714,0.714285714285714,0.384615384615385,0.5,0.5,0.815217391304348,0.795454545454545,0.806451612903226,0.804597701149425,0.810810810810811,0.8
0.861111111111111,0.6,0.636363636363636,0.555555555555556,0.636363636363636,0.555555555555556,0.636363636363636,0.555555555555556,0.840425531914894,0.883720930232558,0.887640449438202,0.835164835164835,0.863387978142077,0.858757062146893
