train_accuracy,test_accuracy,Precision_class1,Precision_class2,Recall_class1,Recall_class2,F1_class1,F1_class2,Precision_class1_train,Precision_class2_train,Recall_class1_train,Recall_class2_train,F1_class1_train,F1_class2_train
0.783333333333333,0.7,0.777777777777778,0.636363636363636,0.636363636363636,0.777777777777778,0.7,0.7,0.8125,0.76,0.730337078651685,0.835164835164835,0.769230769230769,0.795811518324607
0.783333333333333,0.4,0.454545454545455,0.333333333333333,0.454545454545455,0.333333333333333,0.454545454545455,0.333333333333333,0.867647058823529,0.732142857142857,0.662921348314607,0.901098901098901,0.751592356687898,0.807881773399015
0.75,0.65,0.571428571428571,0.692307692307692,0.5,0.75,0.533333333333333,0.72,0.776470588235294,0.726315789473684,0.717391304347826,0.784090909090909,0.745762711864407,0.754098360655738
0.811111111111111,0.5,0.6,0.4,0.5,0.5,0.545454545454545,0.444444444444444,0.829268292682927,0.795918367346939,0.772727272727273,0.847826086956522,0.8,0.821052631578947
0.811111111111111,0.55,0.5,0.571428571428571,0.333333333333333,0.727272727272727,0.4,0.64,0.88,0.761904761904762,0.725274725274725,0.898876404494382,0.795180722891566,0.824742268041237
0.816666666666667,0.45,0.375,0.5,0.333333333333333,0.545454545454545,0.352941176470588,0.521739130434783,0.853658536585366,0.785714285714286,0.769230769230769,0.865168539325843,0.809248554913295,0.823529411764706
0.794444444444444,0.5,0.416666666666667,0.625,0.625,0.416666666666667,0.5,0.5,0.816091954022989,0.774193548387097,0.771739130434783,0.818181818181818,0.793296089385475,0.795580110497238
0.794444444444444,0.35,0.2,0.4,0.1,0.6,0.133333333333333,0.48,0.873239436619718,0.743119266055046,0.688888888888889,0.9,0.770186335403727,0.814070351758794
0.755555555555556,0.6,0.714285714285714,0.538461538461538,0.454545454545455,0.777777777777778,0.555555555555556,0.636363636363636,0.792207792207792,0.728155339805825,0.685393258426966,0.824175824175824,0.734939759036145,0.77319587628866
0.761111111111111,0.6,0.636363636363636,0.555555555555556,0.636363636363636,0.555555555555556,0.636363636363636,0.555555555555556,0.773809523809524,0.75,0.730337078651685,0.791208791208791,0.751445086705202,0.770053475935829
