train_accuracy,test_accuracy,Precision_class1,Precision_class2,Recall_class1,Recall_class2,F1_class1,F1_class2,Precision_class1_train,Precision_class2_train,Recall_class1_train,Recall_class2_train,F1_class1_train,F1_class2_train
0.827777777777778,0.45,0.416666666666667,0.5,0.555555555555556,0.363636363636364,0.476190476190476,0.421052631578947,0.848837209302326,0.808510638297872,0.802197802197802,0.853932584269663,0.824858757062147,0.830601092896175
0.811111111111111,0.3,0.25,0.375,0.375,0.25,0.3,0.3,0.829545454545455,0.793478260869565,0.793478260869565,0.829545454545455,0.811111111111111,0.811111111111111
0.866666666666667,0.35,0.375,0.333333333333333,0.272727272727273,0.444444444444444,0.315789473684211,0.380952380952381,0.891566265060241,0.845360824742268,0.831460674157303,0.901098901098901,0.86046511627907,0.872340425531915
0.827777777777778,0.3,0.111111111111111,0.454545454545455,0.142857142857143,0.384615384615385,0.125,0.416666666666667,0.83695652173913,0.818181818181818,0.827956989247312,0.827586206896552,0.832432432432432,0.822857142857143
0.816666666666667,0.6,0.75,0.5,0.5,0.75,0.6,0.6,0.839506172839506,0.797979797979798,0.772727272727273,0.858695652173913,0.804733727810651,0.827225130890052
0.816666666666667,0.5,0.333333333333333,0.636363636363636,0.428571428571429,0.538461538461538,0.375,0.583333333333333,0.826086956521739,0.806818181818182,0.817204301075269,0.816091954022989,0.821621621621622,0.811428571428571
0.822222222222222,0.35,0.6,0.266666666666667,0.214285714285714,0.666666666666667,0.315789473684211,0.380952380952381,0.8,0.844444444444444,0.837209302325581,0.808510638297872,0.818181818181818,0.826086956521739
0.822222222222222,0.45,0.3,0.6,0.428571428571429,0.461538461538462,0.352941176470588,0.521739130434783,0.827956989247312,0.816091954022989,0.827956989247312,0.816091954022989,0.827956989247312,0.816091954022989
0.838888888888889,0.5,0.545454545454545,0.444444444444444,0.545454545454545,0.444444444444444,0.545454545454545,0.444444444444444,0.875,0.81,0.786516853932584,0.89010989010989,0.828402366863905,0.848167539267016
0.844444444444444,0.6,0.8,0.4,0.571428571428571,0.666666666666667,0.666666666666667,0.5,0.829545454545455,0.858695652173913,0.848837209302326,0.840425531914894,0.839080459770115,0.849462365591398
