train_accuracy,test_accuracy,Precision_class1,Precision_class2,Recall_class1,Recall_class2,F1_class1,F1_class2,Precision_class1_train,Precision_class2_train,Recall_class1_train,Recall_class2_train,F1_class1_train,F1_class2_train
0.933333333333333,0.5,0.5,0.5,0.5,0.5,0.5,0.5,0.933333333333333,0.933333333333333,0.933333333333333,0.933333333333333,0.933333333333333,0.933333333333333
0.883333333333333,0.5,0.461538461538462,0.571428571428571,0.666666666666667,0.363636363636364,0.545454545454546,0.444444444444444,0.897727272727273,0.869565217391304,0.868131868131868,0.898876404494382,0.88268156424581,0.883977900552486
0.916666666666667,0.4,0.272727272727273,0.555555555555556,0.428571428571429,0.384615384615385,0.333333333333333,0.454545454545455,0.897959183673469,0.939024390243902,0.946236559139785,0.885057471264368,0.921465968586387,0.911242603550296
0.883333333333333,0.7,0.833333333333333,0.5,0.714285714285714,0.666666666666667,0.769230769230769,0.571428571428572,0.901234567901235,0.868686868686869,0.848837209302326,0.914893617021277,0.874251497005988,0.89119170984456
0.911111111111111,0.5,0.583333333333333,0.375,0.583333333333333,0.375,0.583333333333333,0.375,0.909090909090909,0.91304347826087,0.909090909090909,0.91304347826087,0.909090909090909,0.91304347826087
0.905555555555556,0.6,0.454545454545455,0.777777777777778,0.714285714285714,0.538461538461538,0.555555555555556,0.636363636363636,0.895833333333333,0.916666666666667,0.924731182795699,0.885057471264368,0.91005291005291,0.900584795321637
0.905555555555556,0.55,0.444444444444444,0.636363636363636,0.5,0.583333333333333,0.470588235294118,0.608695652173913,0.921348314606742,0.89010989010989,0.891304347826087,0.920454545454545,0.906077348066298,0.905027932960894
0.883333333333333,0.4,0.2,0.466666666666667,0.111111111111111,0.636363636363636,0.142857142857143,0.538461538461539,0.916666666666667,0.854166666666667,0.846153846153846,0.921348314606742,0.88,0.886486486486487
0.883333333333333,0.65,0.857142857142857,0.538461538461538,0.5,0.875,0.631578947368421,0.666666666666667,0.876404494382023,0.89010989010989,0.886363636363636,0.880434782608696,0.88135593220339,0.885245901639344
0.883333333333333,0.5,0.666666666666667,0.428571428571429,0.333333333333333,0.75,0.444444444444444,0.545454545454545,0.894117647058824,0.873684210526316,0.863636363636364,0.902173913043478,0.878612716763006,0.887700534759358
