train_accuracy,test_accuracy,Precision_class1,Precision_class2,Recall_class1,Recall_class2,F1_class1,F1_class2,Precision_class1_train,Precision_class2_train,Recall_class1_train,Recall_class2_train,F1_class1_train,F1_class2_train
0.883333333333333,0.45,0.5,0.428571428571429,0.272727272727273,0.666666666666667,0.352941176470588,0.521739130434783,0.877777777777778,0.888888888888889,0.887640449438202,0.879120879120879,0.88268156424581,0.883977900552486
0.911111111111111,0.65,0.5,0.8,0.714285714285714,0.615384615384615,0.588235294117647,0.695652173913043,0.913978494623656,0.908045977011494,0.913978494623656,0.908045977011494,0.913978494623656,0.908045977011494
0.894444444444444,0.3,0.25,0.375,0.375,0.25,0.3,0.3,0.901098901098901,0.887640449438202,0.891304347826087,0.897727272727273,0.896174863387978,0.892655367231638
0.894444444444444,0.35,0.444444444444444,0.272727272727273,0.333333333333333,0.375,0.380952380952381,0.315789473684211,0.896551724137931,0.89247311827957,0.886363636363636,0.902173913043478,0.891428571428571,0.897297297297297
0.911111111111111,0.55,0.5,0.583333333333333,0.444444444444444,0.636363636363636,0.470588235294118,0.608695652173913,0.941176470588235,0.884210526315789,0.879120879120879,0.943820224719101,0.909090909090909,0.91304347826087
0.888888888888889,0.6,0.75,0.5,0.5,0.75,0.6,0.6,0.895348837209302,0.882978723404255,0.875,0.902173913043478,0.885057471264368,0.89247311827957
0.861111111111111,0.65,0.545454545454545,0.777777777777778,0.75,0.583333333333333,0.631578947368421,0.666666666666667,0.885057471264368,0.838709677419355,0.83695652173913,0.886363636363636,0.860335195530726,0.861878453038674
0.894444444444444,0.45,0.4,0.5,0.444444444444444,0.454545454545455,0.421052631578947,0.476190476190476,0.882978723404255,0.906976744186046,0.912087912087912,0.876404494382023,0.897297297297297,0.891428571428571
0.911111111111111,0.5,0.666666666666667,0.363636363636364,0.461538461538462,0.571428571428571,0.545454545454546,0.444444444444444,0.927710843373494,0.896907216494845,0.885057471264368,0.935483870967742,0.905882352941177,0.91578947368421
0.9,0.6,0.615384615384615,0.571428571428571,0.727272727272727,0.444444444444444,0.666666666666667,0.5,0.908045977011494,0.89247311827957,0.887640449438202,0.912087912087912,0.897727272727273,0.902173913043478
