train_accuracy,test_accuracy,Precision_class1,Precision_class2,Recall_class1,Recall_class2,F1_class1,F1_class2,Precision_class1_train,Precision_class2_train,Recall_class1_train,Recall_class2_train,F1_class1_train,F1_class2_train
0.944444444444444,0.5,0.6,0.4,0.5,0.5,0.545454545454545,0.444444444444444,0.964285714285714,0.927083333333333,0.920454545454545,0.967391304347826,0.941860465116279,0.946808510638298
0.938888888888889,0.5,0.571428571428571,0.461538461538462,0.363636363636364,0.666666666666667,0.444444444444444,0.545454545454546,0.943181818181818,0.934782608695652,0.932584269662921,0.945054945054945,0.937853107344633,0.939890710382514
0.888888888888889,0.6,0.5,0.642857142857143,0.375,0.75,0.428571428571429,0.692307692307692,0.882978723404255,0.895348837209302,0.902173913043478,0.875,0.89247311827957,0.885057471264368
0.911111111111111,0.3,0.181818181818182,0.444444444444444,0.285714285714286,0.307692307692308,0.222222222222222,0.363636363636364,0.923076923076923,0.898876404494382,0.903225806451613,0.919540229885057,0.91304347826087,0.909090909090909
0.9,0.6,0.6,0.6,0.6,0.6,0.6,0.6,0.918604651162791,0.882978723404255,0.877777777777778,0.922222222222222,0.897727272727273,0.902173913043478
0.922222222222222,0.7,0.692307692307692,0.714285714285714,0.818181818181818,0.555555555555556,0.75,0.625,0.931034482758621,0.913978494623656,0.910112359550562,0.934065934065934,0.920454545454545,0.923913043478261
0.927777777777778,0.65,0.615384615384615,0.714285714285714,0.8,0.5,0.695652173913043,0.588235294117647,0.905263157894737,0.952941176470588,0.955555555555556,0.9,0.92972972972973,0.925714285714286
0.955555555555556,0.5,0.533333333333333,0.4,0.727272727272727,0.222222222222222,0.615384615384615,0.285714285714286,0.96551724137931,0.946236559139785,0.943820224719101,0.967032967032967,0.954545454545454,0.956521739130435
0.905555555555556,0.6,0.714285714285714,0.538461538461538,0.454545454545455,0.777777777777778,0.555555555555556,0.636363636363636,0.939024390243902,0.877551020408163,0.865168539325843,0.945054945054945,0.900584795321637,0.91005291005291
0.922222222222222,0.55,0.5,0.625,0.666666666666667,0.454545454545455,0.571428571428572,0.526315789473684,0.952941176470588,0.894736842105263,0.89010989010989,0.955056179775281,0.920454545454545,0.923913043478261
