train_accuracy,test_accuracy,Precision_class1,Precision_class2,Recall_class1,Recall_class2,F1_class1,F1_class2,Precision_class1_train,Precision_class2_train,Recall_class1_train,Recall_class2_train,F1_class1_train,F1_class2_train
0.916666666666667,0.6,0.615384615384615,0.571428571428571,0.727272727272727,0.444444444444444,0.666666666666667,0.5,0.885416666666667,0.952380952380952,0.955056179775281,0.879120879120879,0.918918918918919,0.914285714285714
0.933333333333333,0.3,0.333333333333333,0.285714285714286,0.166666666666667,0.5,0.222222222222222,0.363636363636364,0.931818181818182,0.934782608695652,0.931818181818182,0.934782608695652,0.931818181818182,0.934782608695652
0.9,0.45,0.5,0.416666666666667,0.363636363636364,0.555555555555556,0.421052631578947,0.476190476190476,0.898876404494382,0.901098901098901,0.898876404494382,0.901098901098901,0.898876404494382,0.901098901098901
0.916666666666667,0.45,0.384615384615385,0.571428571428571,0.625,0.333333333333333,0.476190476190476,0.421052631578947,0.932584269662921,0.901098901098901,0.902173913043478,0.931818181818182,0.917127071823204,0.916201117318436
0.872222222222222,0.6,0.6,0.6,0.6,0.6,0.6,0.6,0.860215053763441,0.885057471264368,0.888888888888889,0.855555555555556,0.87431693989071,0.870056497175141
0.894444444444444,0.45,0.375,0.5,0.333333333333333,0.545454545454545,0.352941176470588,0.521739130434783,0.882978723404255,0.906976744186046,0.912087912087912,0.876404494382023,0.897297297297297,0.891428571428571
0.922222222222222,0.3,0.2,0.333333333333333,0.0909090909090909,0.555555555555556,0.125,0.416666666666667,0.921348314606742,0.923076923076923,0.921348314606742,0.923076923076923,0.921348314606742,0.923076923076923
0.922222222222222,0.55,0.466666666666667,0.8,0.875,0.333333333333333,0.608695652173913,0.470588235294118,0.914893617021277,0.930232558139535,0.934782608695652,0.909090909090909,0.924731182795699,0.919540229885057
0.883333333333333,0.7,0.727272727272727,0.666666666666667,0.727272727272727,0.666666666666667,0.727272727272727,0.666666666666667,0.925,0.85,0.831460674157303,0.934065934065934,0.875739644970414,0.890052356020942
0.905555555555556,0.2,0.181818181818182,0.222222222222222,0.222222222222222,0.181818181818182,0.2,0.2,0.920454545454545,0.891304347826087,0.89010989010989,0.921348314606742,0.905027932960894,0.906077348066298
