train_accuracy,test_accuracy,Precision_class1,Precision_class2,Recall_class1,Recall_class2,F1_class1,F1_class2,Precision_class1_train,Precision_class2_train,Recall_class1_train,Recall_class2_train,F1_class1_train,F1_class2_train
0.566666666666667,0.45,0.444444444444444,0.454545454545455,0.4,0.5,0.421052631578947,0.476190476190476,0.555555555555556,0.583333333333333,0.666666666666667,0.466666666666667,0.606060606060606,0.518518518518519
0.544444444444444,0.55,0.571428571428571,0.538461538461538,0.4,0.7,0.470588235294118,0.608695652173913,0.568965517241379,0.532786885245902,0.366666666666667,0.722222222222222,0.445945945945946,0.613207547169811
0.527777777777778,0.6,0.571428571428571,0.666666666666667,0.8,0.4,0.666666666666667,0.5,0.523809523809524,0.533333333333333,0.611111111111111,0.444444444444444,0.564102564102564,0.484848484848485
0.511111111111111,0.45,0.470588235294118,0.333333333333333,0.8,0.1,0.592592592592593,0.153846153846154,0.506578947368421,0.535714285714286,0.855555555555556,0.166666666666667,0.636363636363636,0.254237288135593
0.533333333333333,0.55,0.666666666666667,0.529411764705882,0.2,0.9,0.307692307692308,0.666666666666667,0.607142857142857,0.519736842105263,0.188888888888889,0.877777777777778,0.288135593220339,0.652892561983471
0.483333333333333,0.45,0.444444444444444,0.454545454545455,0.4,0.5,0.421052631578947,0.476190476190476,0.47887323943662,0.486238532110092,0.377777777777778,0.588888888888889,0.422360248447205,0.532663316582915
0.522222222222222,0.45,0.473684210526316,0,0.9,0,0.620689655172414,0,0.512345679012346,0.611111111111111,0.922222222222222,0.122222222222222,0.658730158730159,0.203703703703704
0.505555555555556,0.4,0.4,0.4,0.4,0.4,0.4,0.4,0.505882352941176,0.505263157894737,0.477777777777778,0.533333333333333,0.491428571428571,0.518918918918919
0.572222222222222,0.35,0.384615384615385,0.285714285714286,0.5,0.2,0.434782608695652,0.235294117647059,0.555555555555556,0.603174603174603,0.722222222222222,0.422222222222222,0.628019323671498,0.496732026143791
0.622222222222222,0.4,0.4,0.4,0.4,0.4,0.4,0.4,0.619565217391304,0.625,0.633333333333333,0.611111111111111,0.626373626373626,0.617977528089888
