train_accuracy,test_accuracy,Precision_class1,Precision_class2,Recall_class1,Recall_class2,F1_class1,F1_class2,Precision_class1_train,Precision_class2_train,Recall_class1_train,Recall_class2_train,F1_class1_train,F1_class2_train
0.627777777777778,0.5,0.5,0.5,0.3,0.7,0.375,0.583333333333333,0.616161616161616,0.641975308641975,0.677777777777778,0.577777777777778,0.645502645502645,0.608187134502924
0.566666666666667,0.55,0.545454545454545,0.555555555555556,0.6,0.5,0.571428571428571,0.526315789473684,0.561224489795918,0.573170731707317,0.611111111111111,0.522222222222222,0.585106382978724,0.546511627906977
0.527777777777778,0.45,0.461538461538462,0.428571428571429,0.6,0.3,0.521739130434783,0.352941176470588,0.528735632183908,0.526881720430108,0.511111111111111,0.544444444444444,0.519774011299435,0.53551912568306
0.566666666666667,0.55,0.538461538461538,0.571428571428571,0.7,0.4,0.608695652173913,0.470588235294118,0.607142857142857,0.548387096774194,0.377777777777778,0.755555555555556,0.465753424657534,0.635514018691589
0.6,0.6,0.666666666666667,0.571428571428571,0.4,0.8,0.5,0.666666666666667,0.666666666666667,0.571428571428571,0.4,0.8,0.5,0.666666666666667
0.561111111111111,0.4,0.25,0.4375,0.1,0.7,0.142857142857143,0.538461538461538,0.617021276595745,0.541353383458647,0.322222222222222,0.8,0.423357664233577,0.645739910313901
0.561111111111111,0.45,0.466666666666667,0.4,0.7,0.2,0.56,0.266666666666667,0.540740740740741,0.622222222222222,0.811111111111111,0.311111111111111,0.648888888888889,0.414814814814815
0.611111111111111,0.55,0.666666666666667,0.529411764705882,0.2,0.9,0.307692307692308,0.666666666666667,0.647058823529412,0.589285714285714,0.488888888888889,0.733333333333333,0.556962025316456,0.653465346534653
0.527777777777778,0.55,0.6,0.533333333333333,0.3,0.8,0.4,0.64,0.540983606557377,0.521008403361345,0.366666666666667,0.688888888888889,0.437086092715232,0.593301435406699
0.538888888888889,0.45,0.470588235294118,0.333333333333333,0.8,0.1,0.592592592592593,0.153846153846154,0.526315789473684,0.574468085106383,0.777777777777778,0.3,0.62780269058296,0.394160583941606
