train_accuracy,test_accuracy,Precision_class1,Precision_class2,Recall_class1,Recall_class2,F1_class1,F1_class2,Precision_class1_train,Precision_class2_train,Recall_class1_train,Recall_class2_train,F1_class1_train,F1_class2_train
0.566666666666667,0.4,0.444444444444444,0,0.8,0,0.571428571428571,0,0.543478260869565,0.642857142857143,0.833333333333333,0.3,0.657894736842105,0.409090909090909
0.505555555555556,0.4,0,0.444444444444444,0,0.8,0,0.571428571428571,0.6,0.502857142857143,0.0333333333333333,0.977777777777778,0.0631578947368421,0.664150943396226
0.644444444444444,0.4,0.375,0.416666666666667,0.3,0.5,0.333333333333333,0.454545454545455,0.658536585365854,0.63265306122449,0.6,0.688888888888889,0.627906976744186,0.659574468085106
0.527777777777778,0.55,1,0.526315789473684,0.1,1,0.181818181818182,0.689655172413793,0.692307692307692,0.514970059880239,0.1,0.955555555555556,0.174757281553398,0.669260700389105
0.611111111111111,0.5,0.5,0.5,0.5,0.5,0.5,0.5,0.602040816326531,0.621951219512195,0.655555555555556,0.566666666666667,0.627659574468085,0.593023255813954
0.538888888888889,0.4,0.444444444444444,0,0.8,0,0.571428571428571,0,0.521739130434783,0.684210526315789,0.933333333333333,0.144444444444444,0.669322709163347,0.238532110091743
0.605555555555556,0.65,1,0.588235294117647,0.3,1,0.461538461538462,0.740740740740741,0.771428571428571,0.56551724137931,0.3,0.911111111111111,0.432,0.697872340425532
0.572222222222222,0.55,0.533333333333333,0.6,0.8,0.3,0.64,0.4,0.547445255474453,0.651162790697674,0.833333333333333,0.311111111111111,0.66079295154185,0.421052631578947
0.638888888888889,0.4,0.25,0.4375,0.1,0.7,0.142857142857143,0.538461538461538,0.755102040816326,0.595419847328244,0.411111111111111,0.866666666666667,0.532374100719424,0.705882352941177
0.627777777777778,0.6,0.6,0.6,0.6,0.6,0.6,0.6,0.626373626373626,0.629213483146067,0.633333333333333,0.622222222222222,0.629834254143646,0.625698324022346
