train_accuracy,test_accuracy,Precision_class1,Precision_class2,Recall_class1,Recall_class2,F1_class1,F1_class2,Precision_class1_train,Precision_class2_train,Recall_class1_train,Recall_class2_train,F1_class1_train,F1_class2_train
0.722222222222222,0.4,0.142857142857143,0.538461538461538,0.142857142857143,0.538461538461538,0.142857142857143,0.538461538461538,0.70873786407767,0.74025974025974,0.78494623655914,0.655172413793103,0.744897959183674,0.695121951219512
0.75,0.5,0.583333333333333,0.375,0.583333333333333,0.375,0.583333333333333,0.375,0.765432098765432,0.737373737373737,0.704545454545455,0.793478260869565,0.733727810650888,0.764397905759162
0.772222222222222,0.5,0.125,0.75,0.25,0.5625,0.166666666666667,0.642857142857143,0.789473684210526,0.752941176470588,0.78125,0.761904761904762,0.785340314136126,0.757396449704142
0.727777777777778,0.55,0.636363636363636,0.444444444444444,0.583333333333333,0.5,0.608695652173913,0.470588235294118,0.729411764705882,0.726315789473684,0.704545454545455,0.75,0.716763005780347,0.737967914438503
0.755555555555556,0.6,0.5,0.666666666666667,0.5,0.666666666666667,0.5,0.666666666666667,0.760869565217391,0.75,0.760869565217391,0.75,0.760869565217391,0.75
0.744444444444444,0.6,0.75,0.5,0.5,0.75,0.6,0.6,0.738636363636364,0.75,0.738636363636364,0.75,0.738636363636364,0.75
0.744444444444444,0.4,0.363636363636364,0.444444444444444,0.444444444444444,0.363636363636364,0.4,0.4,0.747252747252747,0.741573033707865,0.747252747252747,0.741573033707865,0.747252747252747,0.741573033707865
0.761111111111111,0.4,0.6,0.333333333333333,0.230769230769231,0.714285714285714,0.333333333333333,0.454545454545454,0.761904761904762,0.760416666666667,0.735632183908046,0.78494623655914,0.748538011695906,0.772486772486772
0.794444444444444,0.45,0.5,0.428571428571429,0.272727272727273,0.666666666666667,0.352941176470588,0.521739130434783,0.851351351351351,0.754716981132076,0.707865168539326,0.879120879120879,0.773006134969325,0.812182741116751
0.766666666666667,0.2,0.25,0.166666666666667,0.166666666666667,0.25,0.2,0.2,0.7875,0.75,0.715909090909091,0.815217391304348,0.75,0.78125
