train_accuracy,test_accuracy,Precision_class1,Precision_class2,Recall_class1,Recall_class2,F1_class1,F1_class2,Precision_class1_train,Precision_class2_train,Recall_class1_train,Recall_class2_train,F1_class1_train,F1_class2_train
0.588888888888889,0.45,0.461538461538462,0.428571428571429,0.6,0.3,0.521739130434783,0.352941176470588,0.557142857142857,0.7,0.866666666666667,0.311111111111111,0.678260869565217,0.430769230769231
0.622222222222222,0.65,0.615384615384615,0.714285714285714,0.8,0.5,0.695652173913043,0.588235294117647,0.605769230769231,0.644736842105263,0.7,0.544444444444444,0.649484536082474,0.590361445783132
0.527777777777778,0.45,0.466666666666667,0.4,0.7,0.2,0.56,0.266666666666667,0.518248175182482,0.558139534883721,0.788888888888889,0.266666666666667,0.625550660792952,0.360902255639098
0.572222222222222,0.6,0.75,0.5625,0.3,0.9,0.428571428571428,0.692307692307692,0.685714285714286,0.544827586206897,0.266666666666667,0.877777777777778,0.384,0.672340425531915
0.594444444444444,0.55,0.555555555555556,0.545454545454545,0.5,0.6,0.526315789473684,0.571428571428571,0.616438356164384,0.579439252336449,0.5,0.688888888888889,0.552147239263804,0.629441624365482
0.583333333333333,0.5,0.5,0.5,0.9,0.1,0.642857142857143,0.166666666666667,0.549668874172185,0.758620689655172,0.922222222222222,0.244444444444444,0.688796680497925,0.369747899159664
0.588888888888889,0.6,0.5625,0.75,0.9,0.3,0.692307692307692,0.428571428571428,0.556338028169014,0.710526315789474,0.877777777777778,0.3,0.681034482758621,0.421875
0.572222222222222,0.4,0.428571428571429,0.333333333333333,0.6,0.2,0.5,0.25,0.557522123893805,0.597014925373134,0.7,0.444444444444444,0.620689655172414,0.509554140127389
0.583333333333333,0.45,0.428571428571429,0.461538461538462,0.3,0.6,0.352941176470588,0.521739130434783,0.564102564102564,0.619047619047619,0.733333333333333,0.433333333333333,0.63768115942029,0.509803921568627
0.594444444444444,0.45,0.470588235294118,0.333333333333333,0.8,0.1,0.592592592592593,0.153846153846154,0.561151079136691,0.707317073170732,0.866666666666667,0.322222222222222,0.681222707423581,0.442748091603053
