train_accuracy,test_accuracy,Precision_class1,Precision_class2,Recall_class1,Recall_class2,F1_class1,F1_class2,Precision_class1_train,Precision_class2_train,Recall_class1_train,Recall_class2_train,F1_class1_train,F1_class2_train
0.588888888888889,0.7,0.642857142857143,0.833333333333333,0.9,0.5,0.75,0.625,0.575471698113208,0.608108108108108,0.677777777777778,0.5,0.622448979591837,0.548780487804878
0.633333333333333,0.75,0.727272727272727,0.777777777777778,0.8,0.7,0.761904761904762,0.736842105263158,0.617647058823529,0.653846153846154,0.7,0.566666666666667,0.65625,0.607142857142857
0.611111111111111,0.55,0.571428571428571,0.5,0.727272727272727,0.333333333333333,0.64,0.4,0.578512396694215,0.677966101694915,0.786516853932584,0.43956043956044,0.666666666666667,0.533333333333333
0.65,0.55,0.555555555555556,0.545454545454545,0.5,0.6,0.526315789473684,0.571428571428571,0.623853211009174,0.690140845070423,0.755555555555556,0.544444444444444,0.683417085427136,0.608695652173913
0.605555555555556,0.55,0.666666666666667,0.2,0.714285714285714,0.166666666666667,0.689655172413793,0.181818181818182,0.570093457943925,0.657534246575342,0.709302325581395,0.51063829787234,0.632124352331606,0.574850299401198
0.605555555555556,0.45,0.285714285714286,0.833333333333333,0.8,0.333333333333333,0.421052631578947,0.476190476190476,0.59375,0.634615384615385,0.8,0.388235294117647,0.681614349775785,0.481751824817518
0.594444444444444,0.7,0.727272727272727,0.666666666666667,0.727272727272727,0.666666666666667,0.727272727272727,0.666666666666667,0.574074074074074,0.625,0.696629213483146,0.494505494505495,0.629441624365482,0.552147239263804
0.65,0.45,0.375,0.5,0.333333333333333,0.545454545454545,0.352941176470588,0.521739130434783,0.627272727272727,0.685714285714286,0.758241758241758,0.539325842696629,0.686567164179104,0.60377358490566
0.655555555555556,0.3,0.272727272727273,0.333333333333333,0.333333333333333,0.272727272727273,0.3,0.3,0.63302752293578,0.690140845070423,0.758241758241758,0.550561797752809,0.69,0.6125
0.644444444444444,0.55,0.571428571428571,0.5,0.727272727272727,0.333333333333333,0.64,0.4,0.626262626262626,0.666666666666667,0.696629213483146,0.593406593406593,0.659574468085106,0.627906976744186
