train_accuracy,test_accuracy,Precision_class1,Precision_class2,Recall_class1,Recall_class2,F1_class1,F1_class2,Precision_class1_train,Precision_class2_train,Recall_class1_train,Recall_class2_train,F1_class1_train,F1_class2_train
0.561111111111111,0.55,0.555555555555556,0.545454545454545,0.5,0.6,0.526315789473684,0.571428571428571,0.55045871559633,0.577464788732394,0.666666666666667,0.455555555555556,0.603015075376884,0.509316770186335
0.594444444444444,0.5,0.5,0.5,0.7,0.3,0.583333333333333,0.375,0.630769230769231,0.573913043478261,0.455555555555556,0.733333333333333,0.529032258064516,0.64390243902439
0.594444444444444,0.35,0.285714285714286,0.384615384615385,0.2,0.5,0.235294117647059,0.434782608695652,0.58252427184466,0.61038961038961,0.666666666666667,0.522222222222222,0.621761658031088,0.562874251497006
0.588888888888889,0.7,0.75,0.666666666666667,0.6,0.8,0.666666666666667,0.727272727272727,0.653846153846154,0.5625,0.377777777777778,0.8,0.47887323943662,0.660550458715596
0.566666666666667,0.55,0.545454545454545,0.555555555555556,0.6,0.5,0.571428571428571,0.526315789473684,0.561224489795918,0.573170731707317,0.611111111111111,0.522222222222222,0.585106382978724,0.546511627906977
0.594444444444444,0.55,0.555555555555556,0.545454545454545,0.5,0.6,0.526315789473684,0.571428571428571,0.576576576576577,0.623188405797101,0.711111111111111,0.477777777777778,0.63681592039801,0.540880503144654
0.605555555555556,0.5,0.5,0.5,0.7,0.3,0.583333333333333,0.375,0.594059405940594,0.620253164556962,0.666666666666667,0.544444444444444,0.628272251308901,0.579881656804734
0.533333333333333,0.6,0.75,0.5625,0.3,0.9,0.428571428571428,0.692307692307692,0.578947368421053,0.52112676056338,0.244444444444444,0.822222222222222,0.34375,0.637931034482759
0.622222222222222,0.35,0.4,0.2,0.6,0.1,0.48,0.133333333333333,0.612244897959184,0.634146341463415,0.666666666666667,0.577777777777778,0.638297872340425,0.604651162790698
0.616666666666667,0.35,0.333333333333333,0.363636363636364,0.3,0.4,0.315789473684211,0.380952380952381,0.591304347826087,0.661538461538462,0.755555555555556,0.477777777777778,0.663414634146341,0.554838709677419
