train_accuracy,test_accuracy,Precision_class1,Precision_class2,Recall_class1,Recall_class2,F1_class1,F1_class2,Precision_class1_train,Precision_class2_train,Recall_class1_train,Recall_class2_train,F1_class1_train,F1_class2_train
0.616666666666667,0.4,0.4,0.4,0.4,0.4,0.4,0.4,0.6,0.64,0.7,0.533333333333333,0.646153846153846,0.581818181818182
0.577777777777778,0.5,0.5,0.5,0.4,0.6,0.444444444444444,0.545454545454545,0.694444444444444,0.548611111111111,0.277777777777778,0.877777777777778,0.396825396825397,0.675213675213675
0.538888888888889,0.75,0.692307692307692,0.857142857142857,0.9,0.6,0.782608695652174,0.705882352941176,0.524822695035461,0.58974358974359,0.822222222222222,0.255555555555556,0.640692640692641,0.356589147286822
0.522222222222222,0.6,0.666666666666667,0.571428571428571,0.4,0.8,0.5,0.666666666666667,0.543478260869565,0.514925373134328,0.277777777777778,0.766666666666667,0.367647058823529,0.616071428571429
0.583333333333333,0.6,0.571428571428571,0.666666666666667,0.8,0.4,0.666666666666667,0.5,0.571428571428571,0.6,0.666666666666667,0.5,0.615384615384615,0.545454545454545
0.588888888888889,0.45,0.461538461538462,0.428571428571429,0.6,0.3,0.521739130434783,0.352941176470588,0.566666666666667,0.633333333333333,0.755555555555556,0.422222222222222,0.647619047619048,0.506666666666667
0.566666666666667,0.65,0.588235294117647,1,1,0.3,0.740740740740741,0.461538461538462,0.55,0.6,0.733333333333333,0.4,0.628571428571429,0.48
0.583333333333333,0.4,0.4,0.4,0.4,0.4,0.4,0.4,0.602739726027397,0.570093457943925,0.488888888888889,0.677777777777778,0.539877300613497,0.619289340101523
0.533333333333333,0.55,0.6,0.533333333333333,0.3,0.8,0.4,0.64,0.541666666666667,0.527777777777778,0.433333333333333,0.633333333333333,0.481481481481482,0.575757575757576
0.555555555555556,0.55,0.555555555555556,0.545454545454545,0.5,0.6,0.526315789473684,0.571428571428571,0.555555555555556,0.555555555555556,0.555555555555556,0.555555555555556,0.555555555555556,0.555555555555556
