train_accuracy,test_accuracy,Precision_class1,Precision_class2,Recall_class1,Recall_class2,F1_class1,F1_class2,Precision_class1_train,Precision_class2_train,Recall_class1_train,Recall_class2_train,F1_class1_train,F1_class2_train
0.546296296296296,0.416666666666667,0.45,0.25,0.75,0.0833333333333333,0.5625,0.125,0.525510204081633,0.75,0.953703703703704,0.138888888888889,0.677631578947368,0.234375
0.541666666666667,0.541666666666667,0.533333333333333,0.555555555555556,0.666666666666667,0.416666666666667,0.592592592592593,0.476190476190476,0.53781512605042,0.54639175257732,0.592592592592593,0.490740740740741,0.563876651982379,0.517073170731707
0.569444444444444,0.541666666666667,0.538461538461538,0.545454545454545,0.583333333333333,0.5,0.56,0.521739130434783,0.578947368421053,0.56198347107438,0.509259259259259,0.62962962962963,0.541871921182266,0.593886462882096
0.550925925925926,0.541666666666667,0.521739130434783,1,1,0.0833333333333333,0.685714285714286,0.153846153846154,0.527918781725888,0.789473684210526,0.962962962962963,0.138888888888889,0.681967213114754,0.236220472440945
0.546296296296296,0.583333333333333,0.545454545454545,1,1,0.166666666666667,0.705882352941176,0.285714285714286,0.526315789473684,0.692307692307692,0.925925925925926,0.166666666666667,0.671140939597315,0.26865671641791
0.537037037037037,0.541666666666667,0.521739130434783,1,1,0.0833333333333333,0.685714285714286,0.153846153846154,0.519607843137255,0.833333333333333,0.981481481481482,0.0925925925925926,0.67948717948718,0.166666666666667
0.537037037037037,0.416666666666667,0.4,0.428571428571429,0.333333333333333,0.5,0.363636363636364,0.461538461538462,0.528571428571429,0.552631578947368,0.685185185185185,0.388888888888889,0.596774193548387,0.456521739130435
0.583333333333333,0.5,0.5,0.5,0.916666666666667,0.0833333333333333,0.647058823529412,0.142857142857143,0.548387096774194,0.8,0.944444444444444,0.222222222222222,0.693877551020408,0.347826086956522
0.574074074074074,0.458333333333333,0.470588235294118,0.428571428571429,0.666666666666667,0.25,0.551724137931034,0.315789473684211,0.551948051948052,0.629032258064516,0.787037037037037,0.361111111111111,0.648854961832061,0.458823529411765
0.523148148148148,0.5,0.5,0,1,0,0.666666666666667,0,0.512315270935961,0.692307692307692,0.962962962962963,0.0833333333333333,0.668810289389068,0.148760330578512
